/* Generated by tools/gen_lv_font.py from DejaVuSans.ttf, 14px, 4bpp. Do not edit by hand. */
#ifdef __has_include
    #if __has_include("lvgl.h")
        #ifndef LV_LVGL_H_INCLUDE_SIMPLE
            #define LV_LVGL_H_INCLUDE_SIMPLE
        #endif
    #endif
#endif
#ifdef LV_LVGL_H_INCLUDE_SIMPLE
    #include "lvgl.h"
#else
    #include "lvgl/lvgl.h"
#endif

#ifndef VN_FONT_14
#define VN_FONT_14 1
#endif
#if VN_FONT_14

#ifndef LV_ATTRIBUTE_LARGE_CONST
#define LV_ATTRIBUTE_LARGE_CONST
#endif

static LV_ATTRIBUTE_LARGE_CONST const uint8_t glyph_bitmap[] = {
    /* U+0021 */ 0x00, 0xd8, 0x00, 0x00, 0xd8, 0x00, 0x00, 0xd8, 0x00, 0x00, 0xd7, 0x00, 0x00, 0xd7, 0x00, 0x00, 0xc6, 0x00, 0x00, 0x00, 0x00, 0x00, 0x00, 0x00, 0x00, 0xd8, 0x00, 0x00, 0xd8, 0x00,
    /* U+0022 */ 0x0a, 0x81, 0xf1, 0x0a, 0x81, 0xf1, 0x0a, 0x81, 0xf1, 0x0a, 0x81, 0xf1, 0x00, 0x00, 0x00, 0x00, 0x00, 0x00, 0x00, 0x00, 0x00, 0x00, 0x00, 0x00, 0x00, 0x00, 0x00, 0x00, 0x00, 0x00,
    /* U+0023 */ 0x00, 0x00, 0x1f, 0x00, 0xe2, 0x00, 0x00, 0x00, 0x5c, 0x03, 0xd0, 0x00, 0x00, 0x00, 0x88, 0x07, 0xa0, 0x00, 0x02, 0xff, 0xff, 0xff, 0xff, 0xa0, 0x00, 0x01, 0xf1, 0x0e, 0x20, 0x00, 0x00, 0x06, 0xb0, 0x4d, 0x00, 0x00, 0x0e, 0xff, 0xff, 0xff, 0xfd, 0x00, 0x00, 0x0d, 0x30, 0xc5, 0x00, 0x00, 0x00, 0x2e, 0x01, 0xf1, 0x00, 0x00, 0x00, 0x5b, 0x04, 0xd0, 0x00, 0x00,
    /* U+0024 */ 0x00, 0x00, 0xa0, 0x00, 0x00, 0x00, 0x0a, 0x00, 0x00, 0x01, 0x9d, 0xfc, 0x60, 0x00, 0x9c, 0x2a, 0x39, 0x20, 0x0c, 0x70, 0xa0, 0x00, 0x00, 0x9d, 0x3a, 0x00, 0x00, 0x01, 0x8d, 0xfb, 0x60, 0x00, 0x00, 0x0b, 0x5e, 0x70, 0x00, 0x00, 0xa0, 0x9b, 0x00, 0xa5, 0x1a, 0x3d, 0x70, 0x03, 0xae, 0xfd, 0x80, 0x00, 0x00, 0x0a, 0x00, 0x00, 0x00, 0x00, 0xa0, 0x00, 0x00,
    /* U+0025 */ 0x04, 0xde, 0x70, 0x00, 0x1d, 0x20, 0x00, 0xe5, 0x2e, 0x30, 0x0a, 0x60, 0x00, 0x3e, 0x00, 0xa6, 0x05, 0xc0, 0x00, 0x03, 0xe0, 0x0a, 0x61, 0xd3, 0x00, 0x00, 0x0e, 0x52, 0xe3, 0x98, 0x3d, 0xe7, 0x00, 0x4d, 0xe7, 0x3d, 0x1d, 0x52, 0xe3, 0x00, 0x00, 0x0c, 0x42, 0xe0, 0x09, 0x70, 0x00, 0x07, 0x90, 0x2e, 0x00, 0x97, 0x00, 0x02, 0xd1, 0x00, 0xd5, 0x2e, 0x30, 0x00, 0xc5, 0x00, 0x04, 0xde, 0x80,
    /* U+0026 */ 0x00, 0x2a, 0xed, 0x60, 0x00, 0x00, 0x0b, 0xb1, 0x29, 0x10, 0x00, 0x00, 0xe6, 0x00, 0x00, 0x00, 0x00, 0x0a, 0xb0, 0x00, 0x00, 0x00, 0x00, 0x9f, 0x90, 0x00, 0x00, 0x00, 0x9c, 0x3d, 0xa0, 0x06, 0xe0, 0x1f, 0x40, 0x1c, 0xb1, 0xa9, 0x01, 0xf5, 0x00, 0x1b, 0xde, 0x10, 0x0a, 0xd4, 0x12, 0x8f, 0xd2, 0x00, 0x07, 0xdf, 0xe9, 0x2a, 0xd2,
    /* U+0027 */ 0x0a, 0x80, 0x0a, 0x80, 0x0a, 0x80, 0x0a, 0x80, 0x00, 0x00, 0x00, 0x00, 0x00, 0x00, 0x00, 0x00, 0x00, 0x00, 0x00, 0x00,
    /* U+0028 */ 0x00, 0x1e, 0x20, 0x09, 0x80, 0x01, 0xf2, 0x00, 0x6d, 0x00, 0x0a, 0xa0, 0x00, 0xb9, 0x00, 0x0b, 0x90, 0x00, 0xaa, 0x00, 0x06, 0xd0, 0x00, 0x1f, 0x20, 0x00, 0x99, 0x00, 0x01, 0xe2,
    /* U+0029 */ 0x09, 0x80, 0x00, 0x2e, 0x20, 0x00, 0xb8, 0x00, 0x06, 0xd0, 0x00, 0x3f, 0x20, 0x02, 0xf3, 0x00, 0x2f, 0x30, 0x03, 0xf2, 0x00, 0x6d, 0x00, 0x0b, 0x80, 0x02, 0xe2, 0x00, 0x98, 0x00,
    /* U+002A */ 0x00, 0x0c, 0x00, 0x05, 0x91, 0xc1, 0x95, 0x04, 0xbe, 0xb4, 0x00, 0x4b, 0xeb, 0x40, 0x59, 0x1c, 0x19, 0x50, 0x00, 0xc0, 0x00, 0x00, 0x00, 0x00, 0x00, 0x00, 0x00, 0x00, 0x00, 0x00, 0x00, 0x00, 0x00, 0x00, 0x00,
    /* U+002B */ 0x00, 0x00, 0x0b, 0x70, 0x00, 0x00, 0x00, 0x00, 0x0b, 0x70, 0x00, 0x00, 0x00, 0x00, 0x0b, 0x70, 0x00, 0x00, 0x00, 0x00, 0x0b, 0x70, 0x00, 0x00, 0x08, 0xff, 0xff, 0xff, 0xff, 0x40, 0x00, 0x00, 0x0b, 0x70, 0x00, 0x00, 0x00, 0x00, 0x0b, 0x70, 0x00, 0x00, 0x00, 0x00, 0x0b, 0x70, 0x00, 0x00, 0x00, 0x00, 0x0b, 0x70, 0x00, 0x00,
    /* U+002C */ 0x05, 0xf1, 0x07, 0xc0, 0x0c, 0x40,
    /* U+002D */ 0x5f, 0xff, 0x60, 0x00, 0x00, 0x00, 0x00, 0x00, 0x00, 0x00,
    /* U+002E */ 0x08, 0xe0, 0x08, 0xe0,
    /* U+002F */ 0x00, 0x09, 0x90, 0x00, 0xd4, 0x00, 0x3e, 0x00, 0x07, 0xa0, 0x00, 0xc6, 0x00, 0x1f, 0x10, 0x06, 0xc0, 0x00, 0xa7, 0x00, 0x0e, 0x30, 0x04, 0xd0, 0x00, 0x89, 0x00, 0x0d, 0x50, 0x00,
    /* U+0030 */ 0x00, 0x6d, 0xfc, 0x50, 0x00, 0x4f, 0x61, 0x7f, 0x30, 0x0b, 0xa0, 0x00, 0xca, 0x00, 0xe6, 0x00, 0x08, 0xd0, 0x1f, 0x50, 0x00, 0x7e, 0x01, 0xf5, 0x00, 0x07, 0xe0, 0x0e, 0x60, 0x00, 0x8d, 0x00, 0xba, 0x00, 0x0c, 0xa0, 0x04, 0xf6, 0x17, 0xf3, 0x00, 0x06, 0xdf, 0xc5, 0x00,
    /* U+0031 */ 0x01, 0x6c, 0xf5, 0x00, 0x00, 0x69, 0x3f, 0x50, 0x00, 0x00, 0x00, 0xf5, 0x00, 0x00, 0x00, 0x0f, 0x50, 0x00, 0x00, 0x00, 0xf5, 0x00, 0x00, 0x00, 0x0f, 0x50, 0x00, 0x00, 0x00, 0xf5, 0x00, 0x00, 0x00, 0x0f, 0x50, 0x00, 0x00, 0x00, 0xf5, 0x00, 0x00, 0x4f, 0xff, 0xff, 0x90,
    /* U+0032 */ 0x03, 0xae, 0xeb, 0x30, 0x00, 0xb5, 0x11, 0x9e, 0x20, 0x00, 0x00, 0x00, 0xf6, 0x00, 0x00, 0x00, 0x1f, 0x50, 0x00, 0x00, 0x0a, 0xd1, 0x00, 0x00, 0x08, 0xe3, 0x00, 0x00, 0x08, 0xe4, 0x00, 0x00, 0x07, 0xe4, 0x00, 0x00, 0x07, 0xe4, 0x00, 0x00, 0x00, 0xff, 0xff, 0xff, 0x80,
    /* U+0033 */ 0x01, 0x9d, 0xec, 0x50, 0x00, 0x86, 0x21, 0x6f, 0x40, 0x00, 0x00, 0x00, 0xd7, 0x00, 0x00, 0x01, 0x6e, 0x30, 0x00, 0x3f, 0xff, 0x50, 0x00, 0x00, 0x01, 0x6f, 0x50, 0x00, 0x00, 0x00, 0xab, 0x00, 0x00, 0x00, 0x0b, 0xb0, 0x0a, 0x41, 0x17, 0xf5, 0x00, 0x4b, 0xee, 0xb4, 0x00,
    /* U+0034 */ 0x00, 0x00, 0x6f, 0xa0, 0x00, 0x00, 0x3d, 0xca, 0x00, 0x00, 0x1d, 0x4b, 0xa0, 0x00, 0x09, 0x90, 0xba, 0x00, 0x05, 0xd1, 0x0b, 0xa0, 0x02, 0xe3, 0x00, 0xba, 0x00, 0x5f, 0xff, 0xff, 0xff, 0x20, 0x00, 0x00, 0xba, 0x00, 0x00, 0x00, 0x0b, 0xa0, 0x00, 0x00, 0x00, 0xba, 0x00,
    /* U+0035 */ 0x07, 0xff, 0xff, 0xe0, 0x00, 0x7c, 0x00, 0x00, 0x00, 0x07, 0xc0, 0x00, 0x00, 0x00, 0x7f, 0xee, 0xb3, 0x00, 0x06, 0x51, 0x2a, 0xe2, 0x00, 0x00, 0x00, 0x0d, 0x80, 0x00, 0x00, 0x00, 0xba, 0x00, 0x00, 0x00, 0x0d, 0x80, 0x0a, 0x41, 0x2a, 0xe2, 0x00, 0x3b, 0xee, 0xa3, 0x00,
    /* U+0036 */ 0x00, 0x2a, 0xee, 0x91, 0x00, 0x1d, 0xa2, 0x16, 0x50, 0x08, 0xe1, 0x00, 0x00, 0x00, 0xd9, 0x00, 0x00, 0x00, 0x0f, 0x8b, 0xfd, 0x81, 0x00, 0xff, 0x51, 0x3d, 0x90, 0x0d, 0xa0, 0x00, 0x7e, 0x00, 0xaa, 0x00, 0x07, 0xe0, 0x03, 0xf5, 0x13, 0xd9, 0x00, 0x04, 0xcf, 0xd8, 0x00,
    /* U+0037 */ 0x0d, 0xff, 0xff, 0xfa, 0x00, 0x00, 0x00, 0x2f, 0x50, 0x00, 0x00, 0x08, 0xe0, 0x00, 0x00, 0x00, 0xe8, 0x00, 0x00, 0x00, 0x5f, 0x30, 0x00, 0x00, 0x0a, 0xc0, 0x00, 0x00, 0x01, 0xf6, 0x00, 0x00, 0x00, 0x7e, 0x10, 0x00, 0x00, 0x0d, 0x90, 0x00, 0x00, 0x04, 0xf3, 0x00, 0x00,
    /* U+0038 */ 0x01, 0x8d, 0xfd, 0x80, 0x00, 0x9d, 0x30, 0x4e, 0x70, 0x0b, 0x90, 0x00, 0xba, 0x00, 0x6d, 0x30, 0x4e, 0x50, 0x00, 0x8f, 0xff, 0x70, 0x00, 0x8d, 0x31, 0x4e, 0x60, 0x0e, 0x70, 0x00, 0x8d, 0x00, 0xe6, 0x00, 0x08, 0xd0, 0x0a, 0xd3, 0x14, 0xe8, 0x00, 0x18, 0xdf, 0xd8, 0x00,
    /* U+0039 */ 0x01, 0x9d, 0xfc, 0x30, 0x00, 0xad, 0x31, 0x6e, 0x20, 0x1f, 0x50, 0x00, 0xc8, 0x01, 0xf5, 0x00, 0x0c, 0xc0, 0x0b, 0xc3, 0x16, 0xfd, 0x00, 0x19, 0xee, 0xa9, 0xd0, 0x00, 0x00, 0x00, 0xab, 0x00, 0x00, 0x00, 0x1e, 0x70, 0x06, 0x51, 0x2b, 0xc0, 0x00, 0x19, 0xee, 0x91, 0x00,
    /* U+003A */ 0x05, 0xf1, 0x00, 0x5f, 0x10, 0x00, 0x00, 0x00, 0x00, 0x00, 0x00, 0x00, 0x00, 0x5f, 0x10, 0x05, 0xf1, 0x00,
    /* U+003B */ 0x05, 0xf1, 0x00, 0x5f, 0x10, 0x00, 0x00, 0x00, 0x00, 0x00, 0x00, 0x00, 0x00, 0x5f, 0x10, 0x07, 0xc0, 0x00, 0xc4, 0x00,
    /* U+003C */ 0x00, 0x00, 0x00, 0x00, 0x5b, 0x40, 0x00, 0x00, 0x02, 0x8e, 0xe9, 0x10, 0x00, 0x16, 0xcf, 0xb6, 0x10, 0x00, 0x05, 0xed, 0x82, 0x00, 0x00, 0x00, 0x05, 0xed, 0x82, 0x00, 0x00, 0x00, 0x00, 0x16, 0xcf, 0xb5, 0x10, 0x00, 0x00, 0x00, 0x02, 0x8e, 0xe9, 0x10, 0x00, 0x00, 0x00, 0x00, 0x5b, 0x40,
    /* U+003D */ 0x08, 0xff, 0xff, 0xff, 0xff, 0x40, 0x00, 0x00, 0x00, 0x00, 0x00, 0x00, 0x00, 0x00, 0x00, 0x00, 0x00, 0x00, 0x08, 0xff, 0xff, 0xff, 0xff, 0x40, 0x00, 0x00, 0x00, 0x00, 0x00, 0x00, 0x00, 0x00, 0x00, 0x00, 0x00, 0x00, 0x00, 0x00, 0x00, 0x00, 0x00, 0x00,
    /* U+003E */ 0x07, 0x93, 0x00, 0x00, 0x00, 0x00, 0x03, 0xbf, 0xc7, 0x10, 0x00, 0x00, 0x00, 0x02, 0x7d, 0xfa, 0x40, 0x00, 0x00, 0x00, 0x00, 0x39, 0xed, 0x20, 0x00, 0x00, 0x00, 0x39, 0xed, 0x20, 0x00, 0x02, 0x7d, 0xfa, 0x40, 0x00, 0x03, 0xbf, 0xd7, 0x10, 0x00, 0x00, 0x07, 0x93, 0x00, 0x00, 0x00, 0x00,
    /* U+003F */ 0x04, 0xce, 0xd7, 0x00, 0xb3, 0x05, 0xf4, 0x00, 0x00, 0x0f, 0x50, 0x00, 0x09, 0xd1, 0x00, 0x0a, 0xd2, 0x00, 0x03, 0xf2, 0x00, 0x00, 0x4f, 0x00, 0x00, 0x00, 0x00, 0x00, 0x00, 0x5f, 0x10, 0x00, 0x05, 0xf1, 0x00,
    /* U+0040 */ 0x00, 0x00, 0x6b, 0xee, 0xd8, 0x10, 0x00, 0x00, 0x2c, 0xb4, 0x10, 0x38, 0xe4, 0x00, 0x01, 0xd6, 0x00, 0x00, 0x00, 0x3e, 0x20, 0x08, 0x90, 0x19, 0xed, 0x6e, 0x06, 0xa0, 0x0d, 0x20, 0x8b, 0x22, 0xbe, 0x01, 0xe0, 0x0e, 0x00, 0xc4, 0x00, 0x4e, 0x00, 0xf0, 0x0e, 0x00, 0xc4, 0x00, 0x4e, 0x03, 0xc0, 0x0d, 0x20, 0x8b, 0x21, 0xbe, 0x3d, 0x40, 0x08, 0x90, 0x19, 0xed, 0x7e, 0xb3, 0x00, 0x01, 0xd6, 0x00, 0x00, 0x00, 0x00, 0x00, 0x00, 0x2d, 0xa4, 0x11, 0x39, 0xa0, 0x00, 0x00, 0x01, 0x7c, 0xee, 0xc9, 0x30, 0x00,
    /* U+0041 */ 0x00, 0x03, 0xfc, 0x00, 0x00, 0x00, 0x09, 0xcf, 0x20, 0x00, 0x00, 0x1e, 0x4b, 0x80, 0x00, 0x00, 0x5d, 0x05, 0xe0, 0x00, 0x00, 0xb7, 0x00, 0xe5, 0x00, 0x02, 0xf2, 0x00, 0x8b, 0x00, 0x08, 0xff, 0xff, 0xff, 0x20, 0x0e, 0x50, 0x00, 0x0b, 0x70, 0x5f, 0x10, 0x00, 0x07, 0xd0, 0xab, 0x00, 0x00, 0x02, 0xf4,
    /* U+0042 */ 0x09, 0xff, 0xfe, 0xb3, 0x00, 0x09, 0xb0, 0x01, 0xae, 0x00, 0x09, 0xb0, 0x00, 0x4f, 0x20, 0x09, 0xb0, 0x01, 0xad, 0x00, 0x09, 0xff, 0xff, 0xe3, 0x00, 0x09, 0xb0, 0x01, 0x7e, 0x20, 0x09, 0xb0, 0x00, 0x0e, 0x80, 0x09, 0xb0, 0x00, 0x0e, 0x80, 0x09, 0xb0, 0x01, 0x7f, 0x30, 0x09, 0xff, 0xfe, 0xc5, 0x00,
    /* U+0043 */ 0x00, 0x18, 0xdf, 0xdb, 0x40, 0x02, 0xdb, 0x30, 0x14, 0xb0, 0x0a, 0xd0, 0x00, 0x00, 0x00, 0x1f, 0x70, 0x00, 0x00, 0x00, 0x3f, 0x50, 0x00, 0x00, 0x00, 0x3f, 0x50, 0x00, 0x00, 0x00, 0x1f, 0x70, 0x00, 0x00, 0x00, 0x0a, 0xd0, 0x00, 0x00, 0x00, 0x02, 0xdb, 0x30, 0x14, 0xb0, 0x00, 0x18, 0xdf, 0xdb, 0x40,
    /* U+0044 */ 0x09, 0xff, 0xfe, 0xb6, 0x00, 0x00, 0x9b, 0x00, 0x15, 0xdb, 0x00, 0x09, 0xb0, 0x00, 0x02, 0xf7, 0x00, 0x9b, 0x00, 0x00, 0x0a, 0xc0, 0x09, 0xb0, 0x00, 0x00, 0x8e, 0x00, 0x9b, 0x00, 0x00, 0x08, 0xe0, 0x09, 0xb0, 0x00, 0x00, 0xac, 0x00, 0x9b, 0x00, 0x00, 0x2f, 0x70, 0x09, 0xb0, 0x01, 0x5d, 0xc1, 0x00, 0x9f, 0xff, 0xeb, 0x60, 0x00,
    /* U+0045 */ 0x09, 0xff, 0xff, 0xfc, 0x00, 0x9b, 0x00, 0x00, 0x00, 0x09, 0xb0, 0x00, 0x00, 0x00, 0x9b, 0x00, 0x00, 0x00, 0x09, 0xff, 0xff, 0xf9, 0x00, 0x9b, 0x00, 0x00, 0x00, 0x09, 0xb0, 0x00, 0x00, 0x00, 0x9b, 0x00, 0x00, 0x00, 0x09, 0xb0, 0x00, 0x00, 0x00, 0x9f, 0xff, 0xff, 0xe0,
    /* U+0046 */ 0x09, 0xff, 0xff, 0xf4, 0x09, 0xb0, 0x00, 0x00, 0x09, 0xb0, 0x00, 0x00, 0x09, 0xb0, 0x00, 0x00, 0x09, 0xff, 0xff, 0xc0, 0x09, 0xb0, 0x00, 0x00, 0x09, 0xb0, 0x00, 0x00, 0x09, 0xb0, 0x00, 0x00, 0x09, 0xb0, 0x00, 0x00, 0x09, 0xb0, 0x00, 0x00,
    /* U+0047 */ 0x00, 0x18, 0xdf, 0xec, 0x61, 0x00, 0x2d, 0xb4, 0x11, 0x39, 0x60, 0x0a, 0xd0, 0x00, 0x00, 0x00, 0x01, 0xf7, 0x00, 0x00, 0x00, 0x00, 0x3f, 0x50, 0x00, 0x00, 0x00, 0x03, 0xf5, 0x00, 0x0e, 0xff, 0xb0, 0x1f, 0x70, 0x00, 0x00, 0xab, 0x00, 0xad, 0x00, 0x00, 0x0a, 0xb0, 0x02, 0xdc, 0x41, 0x13, 0xcb, 0x00, 0x01, 0x8d, 0xfe, 0xc8, 0x10,
    /* U+0048 */ 0x09, 0xb0, 0x00, 0x04, 0xf2, 0x00, 0x9b, 0x00, 0x00, 0x4f, 0x20, 0x09, 0xb0, 0x00, 0x04, 0xf2, 0x00, 0x9b, 0x00, 0x00, 0x4f, 0x20, 0x09, 0xff, 0xff, 0xff, 0xf2, 0x00, 0x9b, 0x00, 0x00, 0x4f, 0x20, 0x09, 0xb0, 0x00, 0x04, 0xf2, 0x00, 0x9b, 0x00, 0x00, 0x4f, 0x20, 0x09, 0xb0, 0x00, 0x04, 0xf2, 0x00, 0x9b, 0x00, 0x00, 0x4f, 0x20,
    /* U+0049 */ 0x09, 0xb0, 0x09, 0xb0, 0x09, 0xb0, 0x09, 0xb0, 0x09, 0xb0, 0x09, 0xb0, 0x09, 0xb0, 0x09, 0xb0, 0x09, 0xb0, 0x09, 0xb0,
    /* U+004A */ 0x00, 0x9b, 0x00, 0x09, 0xb0, 0x00, 0x9b, 0x00, 0x09, 0xb0, 0x00, 0x9b, 0x00, 0x09, 0xb0, 0x00, 0x9b, 0x00, 0x09, 0xb0, 0x00, 0x9b, 0x00, 0x09, 0xb0, 0x00, 0xba, 0x00, 0x3e, 0x60, 0xbe, 0x80, 0x00,
    /* U+004B */ 0x09, 0xb0, 0x00, 0x4e, 0x80, 0x09, 0xb0, 0x05, 0xf7, 0x00, 0x09, 0xb0, 0x6f, 0x60, 0x00, 0x09, 0xb7, 0xf5, 0x00, 0x00, 0x09, 0xff, 0x50, 0x00, 0x00, 0x09, 0xcd, 0xc1, 0x00, 0x00, 0x09, 0xb1, 0xcc, 0x10, 0x00, 0x09, 0xb0, 0x1c, 0xd1, 0x00, 0x09, 0xb0, 0x01, 0xcd, 0x10, 0x09, 0xb0, 0x00, 0x1c, 0xd2,
    /* U+004C */ 0x09, 0xb0, 0x00, 0x00, 0x09, 0xb0, 0x00, 0x00, 0x09, 0xb0, 0x00, 0x00, 0x09, 0xb0, 0x00, 0x00, 0x09, 0xb0, 0x00, 0x00, 0x09, 0xb0, 0x00, 0x00, 0x09, 0xb0, 0x00, 0x00, 0x09, 0xb0, 0x00, 0x00, 0x09, 0xb0, 0x00, 0x00, 0x09, 0xff, 0xff, 0xfb,
    /* U+004D */ 0x09, 0xf9, 0x00, 0x00, 0x8f, 0xb0, 0x09, 0xde, 0x10, 0x00, 0xed, 0xb0, 0x09, 0xbc, 0x60, 0x05, 0xda, 0xb0, 0x09, 0xb6, 0xc0, 0x0b, 0x7a, 0xb0, 0x09, 0xb1, 0xe3, 0x2f, 0x1a, 0xb0, 0x09, 0xb0, 0x98, 0x7a, 0x0a, 0xb0, 0x09, 0xb0, 0x4e, 0xd5, 0x0a, 0xb0, 0x09, 0xb0, 0x0d, 0xe0, 0x0a, 0xb0, 0x09, 0xb0, 0x00, 0x00, 0x0a, 0xb0, 0x09, 0xb0, 0x00, 0x00, 0x0a, 0xb0,
    /* U+004E */ 0x09, 0xf8, 0x00, 0x04, 0xf1, 0x09, 0xfe, 0x10, 0x04, 0xf1, 0x09, 0xbc, 0x90, 0x04, 0xf1, 0x09, 0xb4, 0xf2, 0x04, 0xf1, 0x09, 0xb0, 0xba, 0x04, 0xf1, 0x09, 0xb0, 0x3f, 0x34, 0xf1, 0x09, 0xb0, 0x0a, 0xb4, 0xf1, 0x09, 0xb0, 0x02, 0xf8, 0xf1, 0x09, 0xb0, 0x00, 0x9f, 0xf1, 0x09, 0xb0, 0x00, 0x1e, 0xf1,
    /* U+004F */ 0x00, 0x29, 0xdf, 0xd9, 0x20, 0x00, 0x2e, 0xb3, 0x02, 0xbe, 0x20, 0x0a, 0xd0, 0x00, 0x00, 0xda, 0x01, 0xf7, 0x00, 0x00, 0x07, 0xf1, 0x3f, 0x50, 0x00, 0x00, 0x4f, 0x33, 0xf5, 0x00, 0x00, 0x04, 0xf3, 0x1f, 0x70, 0x00, 0x00, 0x7f, 0x10, 0xad, 0x00, 0x00, 0x0d, 0xa0, 0x02, 0xeb, 0x30, 0x2a, 0xe2, 0x00, 0x02, 0x9d, 0xfe, 0x92, 0x00,
    /* U+0050 */ 0x09, 0xff, 0xfd, 0x81, 0x09, 0xb0, 0x04, 0xe9, 0x09, 0xb0, 0x00, 0x9d, 0x09, 0xb0, 0x00, 0x9d, 0x09, 0xb0, 0x04, 0xe9, 0x09, 0xff, 0xfd, 0x81, 0x09, 0xb0, 0x00, 0x00, 0x09, 0xb0, 0x00, 0x00, 0x09, 0xb0, 0x00, 0x00, 0x09, 0xb0, 0x00, 0x00,
    /* U+0051 */ 0x00, 0x29, 0xdf, 0xd9, 0x20, 0x00, 0x2e, 0xb3, 0x02, 0xbe, 0x20, 0x0a, 0xd0, 0x00, 0x00, 0xda, 0x01, 0xf7, 0x00, 0x00, 0x07, 0xf1, 0x3f, 0x50, 0x00, 0x00, 0x4f, 0x33, 0xf5, 0x00, 0x00, 0x04, 0xf3, 0x1f, 0x70, 0x00, 0x00, 0x7f, 0x10, 0xad, 0x00, 0x00, 0x0d, 0xa0, 0x02, 0xeb, 0x30, 0x2a, 0xe2, 0x00, 0x02, 0x9d, 0xff, 0xc1, 0x00, 0x00, 0x00, 0x00, 0x8e, 0x20, 0x00, 0x00, 0x00, 0x00, 0xcd, 0x10,
    /* U+0052 */ 0x09, 0xff, 0xfd, 0x81, 0x00, 0x09, 0xb0, 0x04, 0xe9, 0x00, 0x09, 0xb0, 0x00, 0x8d, 0x00, 0x09, 0xb0, 0x00, 0x8e, 0x00, 0x09, 0xb0, 0x03, 0xe8, 0x00, 0x09, 0xff, 0xff, 0xa0, 0x00, 0x09, 0xb0, 0x05, 0xf5, 0x00, 0x09, 0xb0, 0x00, 0x8e, 0x10, 0x09, 0xb0, 0x00, 0x1e, 0x80, 0x09, 0xb0, 0x00, 0x06, 0xe1,
    /* U+0053 */ 0x01, 0x8d, 0xec, 0x71, 0x00, 0xac, 0x31, 0x27, 0x70, 0x0f, 0x60, 0x00, 0x00, 0x00, 0xe9, 0x00, 0x00, 0x00, 0x05, 0xee, 0xa7, 0x20, 0x00, 0x01, 0x59, 0xdf, 0x60, 0x00, 0x00, 0x00, 0x9e, 0x00, 0x00, 0x00, 0x06, 0xf1, 0x0b, 0x52, 0x13, 0xdb, 0x00, 0x4a, 0xde, 0xd8, 0x10,
    /* U+0054 */ 0x1f, 0xff, 0xff, 0xff, 0xf9, 0x00, 0x00, 0x6f, 0x00, 0x00, 0x00, 0x00, 0x6f, 0x00, 0x00, 0x00, 0x00, 0x6f, 0x00, 0x00, 0x00, 0x00, 0x6f, 0x00, 0x00, 0x00, 0x00, 0x6f, 0x00, 0x00, 0x00, 0x00, 0x6f, 0x00, 0x00, 0x00, 0x00, 0x6f, 0x00, 0x00, 0x00, 0x00, 0x6f, 0x00, 0x00, 0x00, 0x00, 0x6f, 0x00, 0x00,
    /* U+0055 */ 0x0c, 0x90, 0x00, 0x05, 0xf0, 0x0c, 0x90, 0x00, 0x05, 0xf0, 0x0c, 0x90, 0x00, 0x05, 0xf0, 0x0c, 0x90, 0x00, 0x05, 0xf0, 0x0c, 0x90, 0x00, 0x05, 0xf0, 0x0c, 0x90, 0x00, 0x05, 0xf0, 0x0b, 0xa0, 0x00, 0x06, 0xf0, 0x09, 0xd0, 0x00, 0x09, 0xc0, 0x02, 0xf8, 0x11, 0x5e, 0x60, 0x00, 0x3b, 0xee, 0xc5, 0x00,
    /* U+0056 */ 0xbb, 0x00, 0x00, 0x02, 0xf4, 0x5f, 0x20, 0x00, 0x08, 0xd0, 0x0e, 0x80, 0x00, 0x0e, 0x70, 0x08, 0xd0, 0x00, 0x5f, 0x20, 0x02, 0xf4, 0x00, 0xbb, 0x00, 0x00, 0xba, 0x02, 0xf5, 0x00, 0x00, 0x5f, 0x17, 0xe0, 0x00, 0x00, 0x1e, 0x6d, 0x80, 0x00, 0x00, 0x09, 0xef, 0x20, 0x00, 0x00, 0x03, 0xfc, 0x00, 0x00,
    /* U+0057 */ 0x6e, 0x00, 0x00, 0xec, 0x00, 0x02, 0xf4, 0x2f, 0x40, 0x04, 0xef, 0x10, 0x06, 0xf0, 0x0d, 0x70, 0x07, 0xac, 0x50, 0x0a, 0xb0, 0x0a, 0xb0, 0x0b, 0x68, 0x90, 0x0e, 0x70, 0x06, 0xf0, 0x0f, 0x24, 0xd0, 0x2f, 0x40, 0x02, 0xf4, 0x4d, 0x01, 0xf1, 0x6e, 0x00, 0x00, 0xd8, 0x8a, 0x00, 0xc5, 0xab, 0x00, 0x00, 0x9b, 0xb6, 0x00, 0x89, 0xe7, 0x00, 0x00, 0x6f, 0xf2, 0x00, 0x4e, 0xf3, 0x00, 0x00, 0x2f, 0xd0, 0x00, 0x1f, 0xe0, 0x00,
    /* U+0058 */ 0x0c, 0xa0, 0x00, 0x1d, 0x90, 0x02, 0xe6, 0x00, 0x9d, 0x10, 0x00, 0x6e, 0x25, 0xf3, 0x00, 0x00, 0x0b, 0xbe, 0x70, 0x00, 0x00, 0x02, 0xfc, 0x00, 0x00, 0x00, 0x06, 0xfe, 0x20, 0x00, 0x00, 0x2e, 0x6b, 0xc0, 0x00, 0x00, 0xca, 0x01, 0xe7, 0x00, 0x08, 0xd1, 0x00, 0x5f, 0x20, 0x4f, 0x40, 0x00, 0x0a, 0xc0,
    /* U+0059 */ 0x0a, 0xc0, 0x00, 0x04, 0xf4, 0x01, 0xe7, 0x00, 0x1d, 0x80, 0x00, 0x5f, 0x30, 0x9c, 0x00, 0x00, 0x09, 0xc5, 0xf3, 0x00, 0x00, 0x01, 0xdf, 0x70, 0x00, 0x00, 0x00, 0x7f, 0x00, 0x00, 0x00, 0x00, 0x6f, 0x00, 0x00, 0x00, 0x00, 0x6f, 0x00, 0x00, 0x00, 0x00, 0x6f, 0x00, 0x00, 0x00, 0x00, 0x6f, 0x00, 0x00,
    /* U+005A */ 0x3f, 0xff, 0xff, 0xff, 0xc0, 0x00, 0x00, 0x00, 0x5f, 0x70, 0x00, 0x00, 0x03, 0xea, 0x00, 0x00, 0x00, 0x1d, 0xc0, 0x00, 0x00, 0x00, 0xbe, 0x20, 0x00, 0x00, 0x09, 0xf3, 0x00, 0x00, 0x00, 0x6f, 0x60, 0x00, 0x00, 0x03, 0xf9, 0x00, 0x00, 0x00, 0x2e, 0xb0, 0x00, 0x00, 0x00, 0x6f, 0xff, 0xff, 0xff, 0xf0,
    /* U+005B */ 0x0c, 0xff, 0x20, 0xc7, 0x00, 0x0c, 0x70, 0x00, 0xc7, 0x00, 0x0c, 0x70, 0x00, 0xc7, 0x00, 0x0c, 0x70, 0x00, 0xc7, 0x00, 0x0c, 0x70, 0x00, 0xc7, 0x00, 0x0c, 0x70, 0x00, 0xcf, 0xf2,
    /* U+005C */ 0xd5, 0x00, 0x08, 0x90, 0x00, 0x4d, 0x00, 0x00, 0xe3, 0x00, 0x0a, 0x70, 0x00, 0x6c, 0x00, 0x01, 0xf1, 0x00, 0x0c, 0x60, 0x00, 0x7a, 0x00, 0x03, 0xe0, 0x00, 0x0d, 0x40, 0x00, 0x99,
    /* U+005D */ 0x0a, 0xff, 0x40, 0x00, 0xf4, 0x00, 0x0f, 0x40, 0x00, 0xf4, 0x00, 0x0f, 0x40, 0x00, 0xf4, 0x00, 0x0f, 0x40, 0x00, 0xf4, 0x00, 0x0f, 0x40, 0x00, 0xf4, 0x00, 0x0f, 0x40, 0xaf, 0xf4,
    /* U+005E */ 0x00, 0x00, 0x4f, 0xd2, 0x00, 0x00, 0x00, 0x03, 0xe8, 0xbd, 0x10, 0x00, 0x00, 0x3e, 0x70, 0x0a, 0xc1, 0x00, 0x02, 0xe6, 0x00, 0x00, 0xab, 0x00, 0x00, 0x00, 0x00, 0x00, 0x00, 0x00, 0x00, 0x00, 0x00, 0x00, 0x00, 0x00, 0x00, 0x00, 0x00, 0x00, 0x00, 0x00, 0x00, 0x00, 0x00, 0x00, 0x00, 0x00, 0x00, 0x00, 0x00, 0x00, 0x00, 0x00, 0x00, 0x00, 0x00, 0x00, 0x00, 0x00,
    /* U+005F */ 0x00, 0x00, 0x00, 0x00, 0x00, 0x00, 0x00, 0x00, 0x00, 0x2f, 0xff, 0xff, 0xff, 0x20,
    /* U+0060 */ 0x07, 0xc0, 0x00, 0x00, 0x0b, 0x70, 0x00, 0x00, 0x1d, 0x20, 0x00, 0x00, 0x00, 0x00, 0x00, 0x00, 0x00, 0x00, 0x00, 0x00, 0x00, 0x00, 0x00, 0x00, 0x00, 0x00, 0x00, 0x00, 0x00, 0x00, 0x00, 0x00, 0x00, 0x00, 0x00, 0x00, 0x00, 0x00, 0x00,
    /* U+0061 */ 0x09, 0xff, 0xeb, 0x20, 0x00, 0x00, 0x01, 0x9d, 0x00, 0x00, 0x00, 0x00, 0xf3, 0x00, 0x3a, 0xef, 0xff, 0x40, 0x0d, 0x92, 0x00, 0xf5, 0x02, 0xf2, 0x00, 0x3f, 0x50, 0x0e, 0x81, 0x3c, 0xf5, 0x00, 0x4d, 0xfd, 0x7e, 0x50,
    /* U+0062 */ 0x0b, 0x80, 0x00, 0x00, 0x00, 0xb8, 0x00, 0x00, 0x00, 0x0b, 0x80, 0x00, 0x00, 0x00, 0xb9, 0xae, 0xe8, 0x00, 0x0b, 0xf7, 0x14, 0xe7, 0x00, 0xbc, 0x00, 0x07, 0xd0, 0x0b, 0x90, 0x00, 0x4f, 0x10, 0xb9, 0x00, 0x04, 0xf1, 0x0b, 0xc0, 0x00, 0x7d, 0x00, 0xbf, 0x71, 0x4e, 0x70, 0x0b, 0x9a, 0xee, 0x80, 0x00,
    /* U+0063 */ 0x00, 0x7d, 0xfc, 0x40, 0x08, 0xe5, 0x13, 0x90, 0x1e, 0x60, 0x00, 0x00, 0x3f, 0x20, 0x00, 0x00, 0x3f, 0x20, 0x00, 0x00, 0x1e, 0x60, 0x00, 0x00, 0x08, 0xe5, 0x13, 0x90, 0x00, 0x7d, 0xfc, 0x40,
    /* U+0064 */ 0x00, 0x00, 0x00, 0xa9, 0x00, 0x00, 0x00, 0x0a, 0x90, 0x00, 0x00, 0x00, 0xa9, 0x00, 0x09, 0xed, 0x9a, 0x90, 0x08, 0xd3, 0x18, 0xf9, 0x01, 0xf5, 0x00, 0x0d, 0x90, 0x3f, 0x20, 0x00, 0xb9, 0x03, 0xf2, 0x00, 0x0b, 0x90, 0x1f, 0x50, 0x00, 0xd9, 0x00, 0x8d, 0x31, 0x8f, 0x90, 0x01, 0x9e, 0xe9, 0xa9, 0x00,
    /* U+0065 */ 0x00, 0x7d, 0xfd, 0x60, 0x00, 0x7d, 0x31, 0x4e, 0x50, 0x0e, 0x40, 0x00, 0x7b, 0x03, 0xff, 0xff, 0xff, 0xd0, 0x3f, 0x20, 0x00, 0x00, 0x01, 0xe7, 0x00, 0x00, 0x00, 0x08, 0xe5, 0x12, 0x67, 0x00, 0x06, 0xdf, 0xd9, 0x10,
    /* U+0066 */ 0x00, 0x9e, 0xf3, 0x05, 0xe2, 0x00, 0x07, 0xc0, 0x00, 0xaf, 0xff, 0xd0, 0x07, 0xc0, 0x00, 0x07, 0xc0, 0x00, 0x07, 0xc0, 0x00, 0x07, 0xc0, 0x00, 0x07, 0xc0, 0x00, 0x07, 0xc0, 0x00, 0x07, 0xc0, 0x00,
    /* U+0067 */ 0x01, 0x9e, 0xd9, 0xa9, 0x00, 0x9d, 0x31, 0x8f, 0x90, 0x1f, 0x50, 0x00, 0xd9, 0x03, 0xf2, 0x00, 0x0a, 0x90, 0x3f, 0x20, 0x00, 0xb9, 0x01, 0xf5, 0x00, 0x0d, 0x90, 0x09, 0xd3, 0x18, 0xf9, 0x00, 0x19, 0xee, 0x9b, 0x90, 0x00, 0x00, 0x00, 0xd7, 0x00, 0x46, 0x11, 0x8e, 0x20, 0x01, 0x9d, 0xeb, 0x30, 0x00,
    /* U+0068 */ 0x0b, 0x80, 0x00, 0x00, 0x00, 0xb8, 0x00, 0x00, 0x00, 0x0b, 0x80, 0x00, 0x00, 0x00, 0xb9, 0xae, 0xe9, 0x00, 0x0b, 0xf6, 0x13, 0xe6, 0x00, 0xba, 0x00, 0x0a, 0x90, 0x0b, 0x80, 0x00, 0x9a, 0x00, 0xb8, 0x00, 0x09, 0xa0, 0x0b, 0x80, 0x00, 0x9a, 0x00, 0xb8, 0x00, 0x09, 0xa0, 0x0b, 0x80, 0x00, 0x9a, 0x00,
    /* U+0069 */ 0x0a, 0x90, 0x0a, 0x90, 0x00, 0x00, 0x0a, 0x90, 0x0a, 0x90, 0x0a, 0x90, 0x0a, 0x90, 0x0a, 0x90, 0x0a, 0x90, 0x0a, 0x90, 0x0a, 0x90,
    /* U+006A */ 0x00, 0xa9, 0x00, 0x0a, 0x90, 0x00, 0x00, 0x00, 0x0a, 0x90, 0x00, 0xa9, 0x00, 0x0a, 0x90, 0x00, 0xa9, 0x00, 0x0a, 0x90, 0x00, 0xa9, 0x00, 0x0a, 0x90, 0x00, 0xa9, 0x00, 0x0b, 0x80, 0x01, 0xd6, 0x04, 0xea, 0x00,
    /* U+006B */ 0x0b, 0x80, 0x00, 0x00, 0x00, 0xb8, 0x00, 0x00, 0x00, 0x0b, 0x80, 0x00, 0x00, 0x00, 0xb8, 0x00, 0x4e, 0x50, 0x0b, 0x80, 0x5e, 0x40, 0x00, 0xb8, 0x7e, 0x40, 0x00, 0x0b, 0xdf, 0x30, 0x00, 0x00, 0xba, 0xe9, 0x00, 0x00, 0x0b, 0x82, 0xe8, 0x00, 0x00, 0xb8, 0x02, 0xe8, 0x00, 0x0b, 0x80, 0x02, 0xe8, 0x00,
    /* U+006C */ 0x0a, 0x90, 0x0a, 0x90, 0x0a, 0x90, 0x0a, 0x90, 0x0a, 0x90, 0x0a, 0x90, 0x0a, 0x90, 0x0a, 0x90, 0x0a, 0x90, 0x0a, 0x90, 0x0a, 0x90,
    /* U+006D */ 0x0b, 0xaa, 0xee, 0x82, 0xae, 0xd6, 0x00, 0x0b, 0xf5, 0x14, 0xfe, 0x51, 0x5f, 0x20, 0x0b, 0xa0, 0x00, 0xca, 0x00, 0x0d, 0x60, 0x0b, 0x80, 0x00, 0xc8, 0x00, 0x0c, 0x70, 0x0b, 0x80, 0x00, 0xc8, 0x00, 0x0c, 0x70, 0x0b, 0x80, 0x00, 0xc8, 0x00, 0x0c, 0x70, 0x0b, 0x80, 0x00, 0xc8, 0x00, 0x0c, 0x70, 0x0b, 0x80, 0x00, 0xc8, 0x00, 0x0c, 0x70,
    /* U+006E */ 0x0b, 0x9a, 0xee, 0x90, 0x00, 0xbf, 0x61, 0x3e, 0x60, 0x0b, 0xa0, 0x00, 0xa9, 0x00, 0xb8, 0x00, 0x09, 0xa0, 0x0b, 0x80, 0x00, 0x9a, 0x00, 0xb8, 0x00, 0x09, 0xa0, 0x0b, 0x80, 0x00, 0x9a, 0x00, 0xb8, 0x00, 0x09, 0xa0,
    /* U+006F */ 0x00, 0x8e, 0xfc, 0x40, 0x00, 0x8d, 0x31, 0x8f, 0x20, 0x0f, 0x50, 0x00, 0xc8, 0x02, 0xf2, 0x00, 0x09, 0xb0, 0x3f, 0x20, 0x00, 0x9b, 0x00, 0xf5, 0x00, 0x0c, 0x80, 0x08, 0xd3, 0x17, 0xf2, 0x00, 0x08, 0xef, 0xc4, 0x00,
    /* U+0070 */ 0x0b, 0x9a, 0xee, 0x80, 0x00, 0xbf, 0x71, 0x4e, 0x70, 0x0b, 0xc0, 0x00, 0x7d, 0x00, 0xb9, 0x00, 0x04, 0xf1, 0x0b, 0x90, 0x00, 0x4f, 0x10, 0xbc, 0x00, 0x07, 0xd0, 0x0b, 0xf7, 0x14, 0xe7, 0x00, 0xb9, 0xae, 0xe8, 0x00, 0x0b, 0x80, 0x00, 0x00, 0x00, 0xb8, 0x00, 0x00, 0x00, 0x0b, 0x80, 0x00, 0x00, 0x00,
    /* U+0071 */ 0x00, 0x9e, 0xd9, 0xa9, 0x00, 0x8d, 0x31, 0x8f, 0x90, 0x1f, 0x50, 0x00, 0xd9, 0x03, 0xf2, 0x00, 0x0b, 0x90, 0x3f, 0x20, 0x00, 0xb9, 0x01, 0xf5, 0x00, 0x0d, 0x90, 0x08, 0xd3, 0x18, 0xf9, 0x00, 0x19, 0xee, 0x9a, 0x90, 0x00, 0x00, 0x00, 0xa9, 0x00, 0x00, 0x00, 0x0a, 0x90, 0x00, 0x00, 0x00, 0xa9, 0x00,
    /* U+0072 */ 0x0b, 0x9a, 0xeb, 0x0b, 0xf6, 0x10, 0x0b, 0xb0, 0x00, 0x0b, 0x80, 0x00, 0x0b, 0x80, 0x00, 0x0b, 0x80, 0x00, 0x0b, 0x80, 0x00, 0x0b, 0x80, 0x00,
    /* U+0073 */ 0x04, 0xce, 0xd7, 0x01, 0xe6, 0x12, 0x83, 0x2f, 0x20, 0x00, 0x00, 0xbd, 0x84, 0x10, 0x00, 0x48, 0xcd, 0x20, 0x00, 0x00, 0xc8, 0x39, 0x30, 0x3e, 0x60, 0x6c, 0xed, 0x80,
    /* U+0074 */ 0x0b, 0x80, 0x00, 0x0b, 0x80, 0x00, 0x9f, 0xff, 0xf2, 0x0b, 0x80, 0x00, 0x0b, 0x80, 0x00, 0x0b, 0x80, 0x00, 0x0b, 0x80, 0x00, 0x0a, 0x90, 0x00, 0x08, 0xb1, 0x00, 0x02, 0xce, 0xf2,
    /* U+0075 */ 0x0c, 0x70, 0x00, 0xa9, 0x00, 0xc7, 0x00, 0x0a, 0x90, 0x0c, 0x70, 0x00, 0xa9, 0x00, 0xc7, 0x00, 0x0a, 0x90, 0x0c, 0x70, 0x00, 0xa9, 0x00, 0xb8, 0x00, 0x0c, 0x90, 0x08, 0xd2, 0x17, 0xf9, 0x00, 0x1a, 0xed, 0x9a, 0x90,
    /* U+0076 */ 0x6e, 0x00, 0x00, 0xaa, 0x1f, 0x40, 0x01, 0xe5, 0x0a, 0xa0, 0x05, 0xe0, 0x05, 0xe1, 0x0b, 0x90, 0x00, 0xe5, 0x1f, 0x40, 0x00, 0x9b, 0x6d, 0x00, 0x00, 0x4f, 0xd8, 0x00, 0x00, 0x0d, 0xf3, 0x00,
    /* U+0077 */ 0x4e, 0x00, 0x2f, 0x90, 0x08, 0xb1, 0xf3, 0x06, 0xed, 0x00, 0xc7, 0x0c, 0x70, 0xa7, 0xf1, 0x1f, 0x30, 0x8b, 0x0d, 0x3b, 0x54, 0xe0, 0x04, 0xe2, 0xe0, 0x89, 0x8b, 0x00, 0x1f, 0x9b, 0x04, 0xdc, 0x70, 0x00, 0xcf, 0x70, 0x0f, 0xf3, 0x00, 0x08, 0xf3, 0x00, 0xbe, 0x00,
    /* U+0078 */ 0x1e, 0x70, 0x03, 0xf5, 0x04, 0xf3, 0x1d, 0x90, 0x00, 0x8d, 0x9d, 0x10, 0x00, 0x0d, 0xf3, 0x00, 0x00, 0x2e, 0xf5, 0x00, 0x00, 0xca, 0x7e, 0x20, 0x08, 0xd1, 0x0b, 0xb0, 0x4f, 0x40, 0x01, 0xe7,
    /* U+0079 */ 0x6e, 0x00, 0x00, 0xaa, 0x1e, 0x50, 0x01, 0xf4, 0x09, 0xb0, 0x06, 0xe0, 0x03, 0xf1, 0x0c, 0x80, 0x00, 0xc7, 0x3f, 0x20, 0x00, 0x6d, 0x9b, 0x00, 0x00, 0x1f, 0xf6, 0x00, 0x00, 0x0a, 0xe1, 0x00, 0x00, 0x0b, 0x90, 0x00, 0x00, 0x4f, 0x30, 0x00, 0x0d, 0xe7, 0x00, 0x00,
    /* U+007A */ 0x4f, 0xff, 0xff, 0xb0, 0x00, 0x02, 0xe7, 0x00, 0x01, 0xda, 0x00, 0x00, 0xac, 0x10, 0x00, 0x8e, 0x20, 0x00, 0x5f, 0x40, 0x00, 0x3e, 0x60, 0x00, 0x06, 0xff, 0xff, 0xfb,
    /* U+007B */ 0x00, 0x00, 0x7d, 0xf2, 0x00, 0x00, 0x1f, 0x60, 0x00, 0x00, 0x02, 0xf2, 0x00, 0x00, 0x00, 0x2f, 0x20, 0x00, 0x00, 0x02, 0xf2, 0x00, 0x00, 0x01, 0x8e, 0x00, 0x00, 0x04, 0xff, 0x50, 0x00, 0x00, 0x01, 0x8e, 0x00, 0x00, 0x00, 0x03, 0xf2, 0x00, 0x00, 0x00, 0x2f, 0x20, 0x00, 0x00, 0x02, 0xf2, 0x00, 0x00, 0x00, 0x0f, 0x60, 0x00, 0x00, 0x00, 0x6d, 0xf2, 0x00,
    /* U+007C */ 0x03, 0xe0, 0x00, 0x3e, 0x00, 0x03, 0xe0, 0x00, 0x3e, 0x00, 0x03, 0xe0, 0x00, 0x3e, 0x00, 0x03, 0xe0, 0x00, 0x3e, 0x00, 0x03, 0xe0, 0x00, 0x3e, 0x00, 0x03, 0xe0, 0x00, 0x3e, 0x00, 0x03, 0xe0, 0x00, 0x3e, 0x00,
    /* U+007D */ 0x04, 0xfd, 0x60, 0x00, 0x00, 0x00, 0x8e, 0x00, 0x00, 0x00, 0x04, 0xf0, 0x00, 0x00, 0x00, 0x4f, 0x00, 0x00, 0x00, 0x03, 0xf1, 0x00, 0x00, 0x00, 0x1f, 0x70, 0x00, 0x00, 0x00, 0x6f, 0xf2, 0x00, 0x00, 0x1f, 0x71, 0x00, 0x00, 0x03, 0xf1, 0x00, 0x00, 0x00, 0x4f, 0x00, 0x00, 0x00, 0x04, 0xf0, 0x00, 0x00, 0x00, 0x8d, 0x00, 0x00, 0x04, 0xfd, 0x50, 0x00, 0x00,
    /* U+007E */ 0x00, 0x00, 0x00, 0x00, 0x00, 0x00, 0x01, 0x9d, 0xea, 0x51, 0x29, 0x40, 0x07, 0x61, 0x16, 0xce, 0xd7, 0x00, 0x00, 0x00, 0x00, 0x00, 0x00, 0x00, 0x00, 0x00, 0x00, 0x00, 0x00, 0x00, 0x00, 0x00, 0x00, 0x00, 0x00, 0x00,
    /* U+00C0 */ 0x00, 0x08, 0xb0, 0x00, 0x00, 0x00, 0x00, 0xb6, 0x00, 0x00, 0x00, 0x00, 0x00, 0x00, 0x00, 0x00, 0x00, 0x00, 0x00, 0x00, 0x00, 0x03, 0xfc, 0x00, 0x00, 0x00, 0x09, 0xcf, 0x20, 0x00, 0x00, 0x1e, 0x4b, 0x80, 0x00, 0x00, 0x5d, 0x05, 0xe0, 0x00, 0x00, 0xb7, 0x00, 0xe5, 0x00, 0x02, 0xf2, 0x00, 0x8b, 0x00, 0x08, 0xff, 0xff, 0xff, 0x20, 0x0e, 0x50, 0x00, 0x0b, 0x70, 0x5f, 0x10, 0x00, 0x07, 0xd0, 0xab, 0x00, 0x00, 0x02, 0xf4,
    /* U+00C1 */ 0x00, 0x00, 0x3e, 0x20, 0x00, 0x00, 0x00, 0xc4, 0x00, 0x00, 0x00, 0x00, 0x00, 0x00, 0x00, 0x00, 0x00, 0x00, 0x00, 0x00, 0x00, 0x03, 0xfc, 0x00, 0x00, 0x00, 0x09, 0xcf, 0x20, 0x00, 0x00, 0x1e, 0x4b, 0x80, 0x00, 0x00, 0x5d, 0x05, 0xe0, 0x00, 0x00, 0xb7, 0x00, 0xe5, 0x00, 0x02, 0xf2, 0x00, 0x8b, 0x00, 0x08, 0xff, 0xff, 0xff, 0x20, 0x0e, 0x50, 0x00, 0x0b, 0x70, 0x5f, 0x10, 0x00, 0x07, 0xd0, 0xab, 0x00, 0x00, 0x02, 0xf4,
    /* U+00C2 */ 0x00, 0x03, 0xdb, 0x00, 0x00, 0x00, 0x1c, 0x28, 0x70, 0x00, 0x00, 0x00, 0x00, 0x00, 0x00, 0x00, 0x00, 0x00, 0x00, 0x00, 0x00, 0x03, 0xfc, 0x00, 0x00, 0x00, 0x09, 0xcf, 0x20, 0x00, 0x00, 0x1e, 0x4b, 0x80, 0x00, 0x00, 0x5d, 0x05, 0xe0, 0x00, 0x00, 0xb7, 0x00, 0xe5, 0x00, 0x02, 0xf2, 0x00, 0x8b, 0x00, 0x08, 0xff, 0xff, 0xff, 0x20, 0x0e, 0x50, 0x00, 0x0b, 0x70, 0x5f, 0x10, 0x00, 0x07, 0xd0, 0xab, 0x00, 0x00, 0x02, 0xf4,
    /* U+00C3 */ 0x00, 0x2d, 0xb2, 0xd0, 0x00, 0x00, 0x68, 0x6e, 0x80, 0x00, 0x00, 0x00, 0x00, 0x00, 0x00, 0x00, 0x00, 0x00, 0x00, 0x00, 0x00, 0x03, 0xfc, 0x00, 0x00, 0x00, 0x09, 0xcf, 0x20, 0x00, 0x00, 0x1e, 0x4b, 0x80, 0x00, 0x00, 0x5d, 0x05, 0xe0, 0x00, 0x00, 0xb7, 0x00, 0xe5, 0x00, 0x02, 0xf2, 0x00, 0x8b, 0x00, 0x08, 0xff, 0xff, 0xff, 0x20, 0x0e, 0x50, 0x00, 0x0b, 0x70, 0x5f, 0x10, 0x00, 0x07, 0xd0, 0xab, 0x00, 0x00, 0x02, 0xf4,
    /* U+00C4 */ 0x00, 0x4f, 0x29, 0xc0, 0x00, 0x00, 0x00, 0x00, 0x00, 0x00, 0x00, 0x00, 0x00, 0x00, 0x00, 0x00, 0x03, 0xfc, 0x00, 0x00, 0x00, 0x09, 0xcf, 0x20, 0x00, 0x00, 0x1e, 0x4b, 0x80, 0x00, 0x00, 0x5d, 0x05, 0xe0, 0x00, 0x00, 0xb7, 0x00, 0xe5, 0x00, 0x02, 0xf2, 0x00, 0x8b, 0x00, 0x08, 0xff, 0xff, 0xff, 0x20, 0x0e, 0x50, 0x00, 0x0b, 0x70, 0x5f, 0x10, 0x00, 0x07, 0xd0, 0xab, 0x00, 0x00, 0x02, 0xf4,
    /* U+00C5 */ 0x00, 0x06, 0xec, 0x20, 0x00, 0x00, 0x0d, 0x16, 0x90, 0x00, 0x00, 0x0d, 0x16, 0x80, 0x00, 0x00, 0x06, 0xfe, 0x10, 0x00, 0x00, 0x0a, 0xbf, 0x30, 0x00, 0x00, 0x1e, 0x4b, 0x90, 0x00, 0x00, 0x6d, 0x05, 0xe1, 0x00, 0x00, 0xc7, 0x00, 0xe5, 0x00, 0x02, 0xf2, 0x00, 0x8b, 0x00, 0x08, 0xff, 0xff, 0xff, 0x20, 0x0e, 0x50, 0x00, 0x0b, 0x80, 0x5f, 0x10, 0x00, 0x07, 0xd0, 0xbb, 0x00, 0x00, 0x02, 0xf4,
    /* U+00C6 */ 0x00, 0x00, 0xdf, 0xff, 0xff, 0xff, 0x90, 0x00, 0x05, 0xf1, 0xd8, 0x00, 0x00, 0x00, 0x00, 0x0b, 0x90, 0xd8, 0x00, 0x00, 0x00, 0x00, 0x2f, 0x20, 0xd8, 0x00, 0x00, 0x00, 0x00, 0x9a, 0x00, 0xdf, 0xff, 0xff, 0x60, 0x01, 0xe4, 0x00, 0xd8, 0x00, 0x00, 0x00, 0x07, 0xff, 0xff, 0xf8, 0x00, 0x00, 0x00, 0x0d, 0x50, 0x00, 0xd8, 0x00, 0x00, 0x00, 0x4e, 0x10, 0x00, 0xd8, 0x00, 0x00, 0x00, 0xba, 0x00, 0x00, 0xdf, 0xff, 0xff, 0xb0,
    /* U+00C7 */ 0x00, 0x18, 0xdf, 0xdb, 0x40, 0x02, 0xdb, 0x30, 0x14, 0xb0, 0x0a, 0xd0, 0x00, 0x00, 0x00, 0x1f, 0x70, 0x00, 0x00, 0x00, 0x3f, 0x50, 0x00, 0x00, 0x00, 0x3f, 0x50, 0x00, 0x00, 0x00, 0x1f, 0x70, 0x00, 0x00, 0x00, 0x0a, 0xd0, 0x00, 0x00, 0x00, 0x02, 0xdb, 0x30, 0x14, 0xb0, 0x00, 0x18, 0xdf, 0xdb, 0x40, 0x00, 0x00, 0x06, 0x70, 0x00, 0x00, 0x00, 0x03, 0xc0, 0x00, 0x00, 0x00, 0xde, 0x80, 0x00,
    /* U+00C8 */ 0x00, 0x0a, 0x80, 0x00, 0x00, 0x00, 0x1d, 0x30, 0x00, 0x00, 0x00, 0x00, 0x00, 0x00, 0x00, 0x00, 0x00, 0x00, 0x09, 0xff, 0xff, 0xfc, 0x00, 0x9b, 0x00, 0x00, 0x00, 0x09, 0xb0, 0x00, 0x00, 0x00, 0x9b, 0x00, 0x00, 0x00, 0x09, 0xff, 0xff, 0xf9, 0x00, 0x9b, 0x00, 0x00, 0x00, 0x09, 0xb0, 0x00, 0x00, 0x00, 0x9b, 0x00, 0x00, 0x00, 0x09, 0xb0, 0x00, 0x00, 0x00, 0x9f, 0xff, 0xff, 0xe0,
    /* U+00C9 */ 0x00, 0x00, 0x6c, 0x00, 0x00, 0x00, 0x2d, 0x20, 0x00, 0x00, 0x00, 0x00, 0x00, 0x00, 0x00, 0x00, 0x00, 0x00, 0x09, 0xff, 0xff, 0xfc, 0x00, 0x9b, 0x00, 0x00, 0x00, 0x09, 0xb0, 0x00, 0x00, 0x00, 0x9b, 0x00, 0x00, 0x00, 0x09, 0xff, 0xff, 0xf9, 0x00, 0x9b, 0x00, 0x00, 0x00, 0x09, 0xb0, 0x00, 0x00, 0x00, 0x9b, 0x00, 0x00, 0x00, 0x09, 0xb0, 0x00, 0x00, 0x00, 0x9f, 0xff, 0xff, 0xe0,
    /* U+00CA */ 0x00, 0x06, 0xe9, 0x00, 0x00, 0x03, 0xc1, 0xb4, 0x00, 0x00, 0x00, 0x00, 0x00, 0x00, 0x00, 0x00, 0x00, 0x00, 0x09, 0xff, 0xff, 0xfc, 0x00, 0x9b, 0x00, 0x00, 0x00, 0x09, 0xb0, 0x00, 0x00, 0x00, 0x9b, 0x00, 0x00, 0x00, 0x09, 0xff, 0xff, 0xf9, 0x00, 0x9b, 0x00, 0x00, 0x00, 0x09, 0xb0, 0x00, 0x00, 0x00, 0x9b, 0x00, 0x00, 0x00, 0x09, 0xb0, 0x00, 0x00, 0x00, 0x9f, 0xff, 0xff, 0xe0,
    /* U+00CB */ 0x00, 0x7e, 0x0c, 0x90, 0x00, 0x00, 0x00, 0x00, 0x00, 0x00, 0x00, 0x00, 0x00, 0x00, 0x9f, 0xff, 0xff, 0xc0, 0x09, 0xb0, 0x00, 0x00, 0x00, 0x9b, 0x00, 0x00, 0x00, 0x09, 0xb0, 0x00, 0x00, 0x00, 0x9f, 0xff, 0xff, 0x90, 0x09, 0xb0, 0x00, 0x00, 0x00, 0x9b, 0x00, 0x00, 0x00, 0x09, 0xb0, 0x00, 0x00, 0x00, 0x9b, 0x00, 0x00, 0x00, 0x09, 0xff, 0xff, 0xfe, 0x00,
    /* U+00CC */ 0x3e, 0x10, 0x06, 0xa0, 0x00, 0x00, 0x00, 0x00, 0x09, 0xb0, 0x09, 0xb0, 0x09, 0xb0, 0x09, 0xb0, 0x09, 0xb0, 0x09, 0xb0, 0x09, 0xb0, 0x09, 0xb0, 0x09, 0xb0, 0x09, 0xb0,
    /* U+00CD */ 0x01, 0xd5, 0x08, 0x80, 0x00, 0x00, 0x00, 0x00, 0x09, 0xb0, 0x09, 0xb0, 0x09, 0xb0, 0x09, 0xb0, 0x09, 0xb0, 0x09, 0xb0, 0x09, 0xb0, 0x09, 0xb0, 0x09, 0xb0, 0x09, 0xb0,
    /* U+00CE */ 0x1d, 0xd2, 0x0a, 0x64, 0xb0, 0x00, 0x00, 0x00, 0x00, 0x00, 0x09, 0xb0, 0x00, 0x9b, 0x00, 0x09, 0xb0, 0x00, 0x9b, 0x00, 0x09, 0xb0, 0x00, 0x9b, 0x00, 0x09, 0xb0, 0x00, 0x9b, 0x00, 0x09, 0xb0, 0x00, 0x9b, 0x00,
    /* U+00CF */ 0xe7, 0x4f, 0x20, 0x00, 0x00, 0x00, 0x00, 0x00, 0x9b, 0x00, 0x09, 0xb0, 0x00, 0x9b, 0x00, 0x09, 0xb0, 0x00, 0x9b, 0x00, 0x09, 0xb0, 0x00, 0x9b, 0x00, 0x09, 0xb0, 0x00, 0x9b, 0x00, 0x09, 0xb0, 0x00,
    /* U+00D0 */ 0x08, 0xff, 0xfe, 0xb7, 0x00, 0x00, 0x8c, 0x00, 0x15, 0xdc, 0x10, 0x08, 0xc0, 0x00, 0x01, 0xe8, 0x00, 0x8c, 0x00, 0x00, 0x09, 0xd0, 0xef, 0xff, 0xf2, 0x00, 0x7f, 0x00, 0x8c, 0x00, 0x00, 0x07, 0xf0, 0x08, 0xc0, 0x00, 0x00, 0x9d, 0x00, 0x8c, 0x00, 0x00, 0x1e, 0x80, 0x08, 0xc0, 0x01, 0x5d, 0xc1, 0x00, 0x8f, 0xff, 0xeb, 0x70, 0x00,
    /* U+00D1 */ 0x00, 0x08, 0xe6, 0x76, 0x00, 0x00, 0x0d, 0x2b, 0xd1, 0x00, 0x00, 0x00, 0x00, 0x00, 0x00, 0x00, 0x00, 0x00, 0x00, 0x00, 0x09, 0xf8, 0x00, 0x04, 0xf1, 0x09, 0xfe, 0x10, 0x04, 0xf1, 0x09, 0xbc, 0x90, 0x04, 0xf1, 0x09, 0xb4, 0xf2, 0x04, 0xf1, 0x09, 0xb0, 0xba, 0x04, 0xf1, 0x09, 0xb0, 0x3f, 0x34, 0xf1, 0x09, 0xb0, 0x0a, 0xb4, 0xf1, 0x09, 0xb0, 0x02, 0xf8, 0xf1, 0x09, 0xb0, 0x00, 0x9f, 0xf1, 0x09, 0xb0, 0x00, 0x1e, 0xf1,
    /* U+00D2 */ 0x00, 0x00, 0xb7, 0x00, 0x00, 0x00, 0x00, 0x01, 0xd2, 0x00, 0x00, 0x00, 0x00, 0x00, 0x00, 0x00, 0x00, 0x00, 0x00, 0x00, 0x00, 0x00, 0x00, 0x29, 0xdf, 0xd9, 0x20, 0x00, 0x2e, 0xb3, 0x02, 0xbe, 0x20, 0x0a, 0xd0, 0x00, 0x00, 0xda, 0x01, 0xf7, 0x00, 0x00, 0x07, 0xf1, 0x3f, 0x50, 0x00, 0x00, 0x4f, 0x33, 0xf5, 0x00, 0x00, 0x04, 0xf3, 0x1f, 0x70, 0x00, 0x00, 0x7f, 0x10, 0xad, 0x00, 0x00, 0x0d, 0xa0, 0x02, 0xeb, 0x30, 0x2a, 0xe2, 0x00, 0x02, 0x9d, 0xfe, 0x92, 0x00,
    /* U+00D3 */ 0x00, 0x00, 0x07, 0xb0, 0x00, 0x00, 0x00, 0x02, 0xd1, 0x00, 0x00, 0x00, 0x00, 0x00, 0x00, 0x00, 0x00, 0x00, 0x00, 0x00, 0x00, 0x00, 0x00, 0x29, 0xdf, 0xd9, 0x20, 0x00, 0x2e, 0xb3, 0x02, 0xbe, 0x20, 0x0a, 0xd0, 0x00, 0x00, 0xda, 0x01, 0xf7, 0x00, 0x00, 0x07, 0xf1, 0x3f, 0x50, 0x00, 0x00, 0x4f, 0x33, 0xf5, 0x00, 0x00, 0x04, 0xf3, 0x1f, 0x70, 0x00, 0x00, 0x7f, 0x10, 0xad, 0x00, 0x00, 0x0d, 0xa0, 0x02, 0xeb, 0x30, 0x2a, 0xe2, 0x00, 0x02, 0x9d, 0xfe, 0x92, 0x00,
    /* U+00D4 */ 0x00, 0x00, 0x7e, 0x80, 0x00, 0x00, 0x00, 0x3b, 0x1b, 0x40, 0x00, 0x00, 0x00, 0x00, 0x00, 0x00, 0x00, 0x00, 0x00, 0x00, 0x00, 0x00, 0x00, 0x29, 0xdf, 0xd9, 0x20, 0x00, 0x2e, 0xb3, 0x02, 0xbe, 0x20, 0x0a, 0xd0, 0x00, 0x00, 0xda, 0x01, 0xf7, 0x00, 0x00, 0x07, 0xf1, 0x3f, 0x50, 0x00, 0x00, 0x4f, 0x33, 0xf5, 0x00, 0x00, 0x04, 0xf3, 0x1f, 0x70, 0x00, 0x00, 0x7f, 0x10, 0xad, 0x00, 0x00, 0x0d, 0xa0, 0x02, 0xeb, 0x30, 0x2a, 0xe2, 0x00, 0x02, 0x9d, 0xfe, 0x92, 0x00,
    /* U+00D5 */ 0x00, 0x04, 0xe9, 0x4a, 0x00, 0x00, 0x00, 0xa4, 0x8e, 0x40, 0x00, 0x00, 0x00, 0x00, 0x00, 0x00, 0x00, 0x00, 0x00, 0x00, 0x00, 0x00, 0x00, 0x29, 0xdf, 0xd9, 0x20, 0x00, 0x2e, 0xb3, 0x02, 0xbe, 0x20, 0x0a, 0xd0, 0x00, 0x00, 0xda, 0x01, 0xf7, 0x00, 0x00, 0x07, 0xf1, 0x3f, 0x50, 0x00, 0x00, 0x4f, 0x33, 0xf5, 0x00, 0x00, 0x04, 0xf3, 0x1f, 0x70, 0x00, 0x00, 0x7f, 0x10, 0xad, 0x00, 0x00, 0x0d, 0xa0, 0x02, 0xeb, 0x30, 0x2a, 0xe2, 0x00, 0x02, 0x9d, 0xfe, 0x92, 0x00,
    /* U+00D6 */ 0x00, 0x08, 0xd0, 0xd8, 0x00, 0x00, 0x00, 0x00, 0x00, 0x00, 0x00, 0x00, 0x00, 0x00, 0x00, 0x00, 0x00, 0x02, 0x9d, 0xfd, 0x92, 0x00, 0x02, 0xeb, 0x30, 0x2b, 0xe2, 0x00, 0xad, 0x00, 0x00, 0x0d, 0xa0, 0x1f, 0x70, 0x00, 0x00, 0x7f, 0x13, 0xf5, 0x00, 0x00, 0x04, 0xf3, 0x3f, 0x50, 0x00, 0x00, 0x4f, 0x31, 0xf7, 0x00, 0x00, 0x07, 0xf1, 0x0a, 0xd0, 0x00, 0x00, 0xda, 0x00, 0x2e, 0xb3, 0x02, 0xae, 0x20, 0x00, 0x29, 0xdf, 0xe9, 0x20, 0x00,
    /* U+00D7 */ 0x00, 0xa4, 0x00, 0x00, 0x77, 0x00, 0x00, 0x6e, 0x40, 0x07, 0xe3, 0x00, 0x00, 0x07, 0xe4, 0x7e, 0x30, 0x00, 0x00, 0x00, 0x7f, 0xe3, 0x00, 0x00, 0x00, 0x00, 0x7f, 0xe3, 0x00, 0x00, 0x00, 0x07, 0xe4, 0x7e, 0x30, 0x00, 0x00, 0x6e, 0x40, 0x07, 0xe3, 0x00, 0x00, 0xa4, 0x00, 0x00, 0x77, 0x00,
    /* U+00D8 */ 0x00, 0x00, 0x00, 0x00, 0x01, 0x00, 0x01, 0x9d, 0xfd, 0x94, 0xd1, 0x02, 0xdb, 0x30, 0x3b, 0xf5, 0x00, 0xad, 0x00, 0x01, 0xce, 0xb0, 0x1f, 0x70, 0x00, 0xb7, 0x7f, 0x13, 0xf5, 0x00, 0xa8, 0x04, 0xf3, 0x3f, 0x40, 0x8a, 0x00, 0x4f, 0x31, 0xf7, 0x6b, 0x00, 0x07, 0xf1, 0x0a, 0xec, 0x10, 0x00, 0xda, 0x00, 0x5f, 0xc3, 0x02, 0xbe, 0x20, 0x1d, 0x49, 0xdf, 0xe9, 0x20, 0x00, 0x10, 0x00, 0x00, 0x00, 0x00,
    /* U+00D9 */ 0x00, 0x03, 0xe2, 0x00, 0x00, 0x00, 0x00, 0x5b, 0x00, 0x00, 0x00, 0x00, 0x00, 0x00, 0x00, 0x00, 0x00, 0x00, 0x00, 0x00, 0x0c, 0x90, 0x00, 0x05, 0xf0, 0x0c, 0x90, 0x00, 0x05, 0xf0, 0x0c, 0x90, 0x00, 0x05, 0xf0, 0x0c, 0x90, 0x00, 0x05, 0xf0, 0x0c, 0x90, 0x00, 0x05, 0xf0, 0x0c, 0x90, 0x00, 0x05, 0xf0, 0x0b, 0xa0, 0x00, 0x06, 0xf0, 0x09, 0xd0, 0x00, 0x09, 0xc0, 0x02, 0xf8, 0x11, 0x5e, 0x60, 0x00, 0x3b, 0xee, 0xc5, 0x00,
    /* U+00DA */ 0x00, 0x00, 0x0c, 0x60, 0x00, 0x00, 0x00, 0x89, 0x00, 0x00, 0x00, 0x00, 0x00, 0x00, 0x00, 0x00, 0x00, 0x00, 0x00, 0x00, 0x0c, 0x90, 0x00, 0x05, 0xf0, 0x0c, 0x90, 0x00, 0x05, 0xf0, 0x0c, 0x90, 0x00, 0x05, 0xf0, 0x0c, 0x90, 0x00, 0x05, 0xf0, 0x0c, 0x90, 0x00, 0x05, 0xf0, 0x0c, 0x90, 0x00, 0x05, 0xf0, 0x0b, 0xa0, 0x00, 0x06, 0xf0, 0x09, 0xd0, 0x00, 0x09, 0xc0, 0x02, 0xf8, 0x11, 0x5e, 0x60, 0x00, 0x3b, 0xee, 0xc5, 0x00,
    /* U+00DB */ 0x00, 0x01, 0xcd, 0x20, 0x00, 0x00, 0x09, 0x63, 0xc0, 0x00, 0x00, 0x00, 0x00, 0x00, 0x00, 0x00, 0x00, 0x00, 0x00, 0x00, 0x0c, 0x90, 0x00, 0x05, 0xf0, 0x0c, 0x90, 0x00, 0x05, 0xf0, 0x0c, 0x90, 0x00, 0x05, 0xf0, 0x0c, 0x90, 0x00, 0x05, 0xf0, 0x0c, 0x90, 0x00, 0x05, 0xf0, 0x0c, 0x90, 0x00, 0x05, 0xf0, 0x0b, 0xa0, 0x00, 0x06, 0xf0, 0x09, 0xd0, 0x00, 0x09, 0xc0, 0x02, 0xf8, 0x11, 0x5e, 0x60, 0x00, 0x3b, 0xee, 0xc5, 0x00,
    /* U+00DC */ 0x00, 0x0e, 0x74, 0xf2, 0x00, 0x00, 0x00, 0x00, 0x00, 0x00, 0x00, 0x00, 0x00, 0x00, 0x00, 0x0c, 0x90, 0x00, 0x05, 0xf0, 0x0c, 0x90, 0x00, 0x05, 0xf0, 0x0c, 0x90, 0x00, 0x05, 0xf0, 0x0c, 0x90, 0x00, 0x05, 0xf0, 0x0c, 0x90, 0x00, 0x05, 0xf0, 0x0c, 0x90, 0x00, 0x05, 0xf0, 0x0b, 0xa0, 0x00, 0x06, 0xf0, 0x09, 0xd0, 0x00, 0x09, 0xc0, 0x02, 0xf8, 0x11, 0x5e, 0x60, 0x00, 0x3b, 0xee, 0xc5, 0x00,
    /* U+00DD */ 0x00, 0x00, 0x0a, 0x80, 0x00, 0x00, 0x00, 0x5b, 0x00, 0x00, 0x00, 0x00, 0x00, 0x00, 0x00, 0x00, 0x00, 0x00, 0x00, 0x00, 0x0a, 0xc0, 0x00, 0x04, 0xf4, 0x01, 0xe7, 0x00, 0x1d, 0x80, 0x00, 0x5f, 0x30, 0x9c, 0x00, 0x00, 0x09, 0xc5, 0xf3, 0x00, 0x00, 0x01, 0xdf, 0x70, 0x00, 0x00, 0x00, 0x7f, 0x00, 0x00, 0x00, 0x00, 0x6f, 0x00, 0x00, 0x00, 0x00, 0x6f, 0x00, 0x00, 0x00, 0x00, 0x6f, 0x00, 0x00, 0x00, 0x00, 0x6f, 0x00, 0x00,
    /* U+00DE */ 0x09, 0xb0, 0x00, 0x00, 0x09, 0xff, 0xfd, 0x81, 0x09, 0xb0, 0x04, 0xe9, 0x09, 0xb0, 0x00, 0x9d, 0x09, 0xb0, 0x00, 0x9d, 0x09, 0xb0, 0x04, 0xe9, 0x09, 0xff, 0xfd, 0x81, 0x09, 0xb0, 0x00, 0x00, 0x09, 0xb0, 0x00, 0x00, 0x09, 0xb0, 0x00, 0x00,
    /* U+00DF */ 0x00, 0x7d, 0xec, 0x30, 0x00, 0x6e, 0x31, 0x7d, 0x10, 0x0a, 0x90, 0x03, 0xf3, 0x00, 0xb8, 0x07, 0xd6, 0x10, 0x0b, 0x80, 0xf4, 0x00, 0x00, 0xb8, 0x0f, 0x70, 0x00, 0x0b, 0x80, 0x7f, 0x80, 0x00, 0xb8, 0x00, 0x5e, 0xb0, 0x0b, 0x80, 0x00, 0x3f, 0x20, 0xb8, 0x00, 0x07, 0xe0, 0x0b, 0x8a, 0xfe, 0xc4, 0x00,
    /* U+00E0 */ 0x01, 0xd6, 0x00, 0x00, 0x00, 0x03, 0xe1, 0x00, 0x00, 0x00, 0x06, 0xa0, 0x00, 0x00, 0x9f, 0xfe, 0xb2, 0x00, 0x00, 0x00, 0x19, 0xd0, 0x00, 0x00, 0x00, 0x0f, 0x30, 0x03, 0xae, 0xff, 0xf4, 0x00, 0xd9, 0x20, 0x0f, 0x50, 0x2f, 0x20, 0x03, 0xf5, 0x00, 0xe8, 0x13, 0xcf, 0x50, 0x04, 0xdf, 0xd7, 0xe5, 0x00,
    /* U+00E1 */ 0x00, 0x00, 0x5e, 0x10, 0x00, 0x00, 0x1d, 0x40, 0x00, 0x00, 0x09, 0x80, 0x00, 0x00, 0x9f, 0xfe, 0xb2, 0x00, 0x00, 0x00, 0x19, 0xd0, 0x00, 0x00, 0x00, 0x0f, 0x30, 0x03, 0xae, 0xff, 0xf4, 0x00, 0xd9, 0x20, 0x0f, 0x50, 0x2f, 0x20, 0x03, 0xf5, 0x00, 0xe8, 0x13, 0xcf, 0x50, 0x04, 0xdf, 0xd7, 0xe5, 0x00,
    /* U+00E2 */ 0x00, 0x0b, 0xc0, 0x00, 0x00, 0x04, 0xca, 0x60, 0x00, 0x00, 0xc2, 0x1d, 0x10, 0x00, 0x9f, 0xfe, 0xb2, 0x00, 0x00, 0x00, 0x19, 0xd0, 0x00, 0x00, 0x00, 0x0f, 0x30, 0x03, 0xae, 0xff, 0xf4, 0x00, 0xd9, 0x20, 0x0f, 0x50, 0x2f, 0x20, 0x03, 0xf5, 0x00, 0xe8, 0x13, 0xcf, 0x50, 0x04, 0xdf, 0xd7, 0xe5, 0x00,
    /* U+00E3 */ 0x00, 0xbd, 0x3a, 0x40, 0x00, 0x2b, 0x2c, 0xc0, 0x00, 0x00, 0x00, 0x00, 0x00, 0x00, 0x9f, 0xfe, 0xb2, 0x00, 0x00, 0x00, 0x19, 0xd0, 0x00, 0x00, 0x00, 0x0f, 0x30, 0x03, 0xae, 0xff, 0xf4, 0x00, 0xd9, 0x20, 0x0f, 0x50, 0x2f, 0x20, 0x03, 0xf5, 0x00, 0xe8, 0x13, 0xcf, 0x50, 0x04, 0xdf, 0xd7, 0xe5, 0x00,
    /* U+00E4 */ 0x00, 0xf6, 0x4f, 0x10, 0x00, 0x00, 0x00, 0x00, 0x00, 0x00, 0x00, 0x00, 0x00, 0x00, 0x9f, 0xfe, 0xb2, 0x00, 0x00, 0x00, 0x19, 0xd0, 0x00, 0x00, 0x00, 0x0f, 0x30, 0x03, 0xae, 0xff, 0xf4, 0x00, 0xd9, 0x20, 0x0f, 0x50, 0x2f, 0x20, 0x03, 0xf5, 0x00, 0xe8, 0x13, 0xcf, 0x50, 0x04, 0xdf, 0xd7, 0xe5, 0x00,
    /* U+00E5 */ 0x00, 0x3d, 0xe4, 0x00, 0x00, 0x0b, 0x42, 0xc0, 0x00, 0x00, 0xb4, 0x2c, 0x00, 0x00, 0x03, 0xde, 0x40, 0x00, 0x00, 0x00, 0x00, 0x00, 0x00, 0x9f, 0xfe, 0xb2, 0x00, 0x00, 0x00, 0x19, 0xd0, 0x00, 0x00, 0x00, 0x0f, 0x30, 0x03, 0xae, 0xff, 0xf4, 0x00, 0xd9, 0x20, 0x0f, 0x50, 0x2f, 0x20, 0x03, 0xf5, 0x00, 0xe8, 0x13, 0xcf, 0x50, 0x04, 0xdf, 0xd7, 0xe5, 0x00,
    /* U+00E6 */ 0x09, 0xff, 0xec, 0x46, 0xdf, 0xd7, 0x00, 0x00, 0x00, 0x19, 0xfe, 0x41, 0x3d, 0x60, 0x00, 0x00, 0x00, 0xf6, 0x00, 0x05, 0xd0, 0x03, 0xae, 0xff, 0xff, 0xff, 0xff, 0xf0, 0x0d, 0x92, 0x00, 0xf5, 0x00, 0x00, 0x00, 0x2f, 0x20, 0x04, 0xf9, 0x00, 0x00, 0x00, 0x0e, 0x81, 0x3c, 0x6e, 0x61, 0x15, 0x90, 0x04, 0xcf, 0xc4, 0x03, 0xbe, 0xda, 0x20,
    /* U+00E7 */ 0x00, 0x7d, 0xfc, 0x40, 0x08, 0xe5, 0x13, 0x90, 0x1e, 0x60, 0x00, 0x00, 0x3f, 0x20, 0x00, 0x00, 0x3f, 0x20, 0x00, 0x00, 0x1e, 0x60, 0x00, 0x00, 0x08, 0xe5, 0x13, 0x90, 0x00, 0x7d, 0xfc, 0x40, 0x00, 0x00, 0x76, 0x00, 0x00, 0x00, 0x5b, 0x00, 0x00, 0x0e, 0xe7, 0x00,
    /* U+00E8 */ 0x00, 0x8c, 0x00, 0x00, 0x00, 0x00, 0xb6, 0x00, 0x00, 0x00, 0x02, 0xd2, 0x00, 0x00, 0x07, 0xdf, 0xd6, 0x00, 0x07, 0xd3, 0x14, 0xe5, 0x00, 0xe4, 0x00, 0x07, 0xb0, 0x3f, 0xff, 0xff, 0xfd, 0x03, 0xf2, 0x00, 0x00, 0x00, 0x1e, 0x70, 0x00, 0x00, 0x00, 0x8e, 0x51, 0x26, 0x70, 0x00, 0x6d, 0xfd, 0x91, 0x00,
    /* U+00E9 */ 0x00, 0x00, 0x1d, 0x60, 0x00, 0x00, 0x08, 0xa0, 0x00, 0x00, 0x03, 0xd1, 0x00, 0x00, 0x07, 0xdf, 0xd6, 0x00, 0x07, 0xd3, 0x14, 0xe5, 0x00, 0xe4, 0x00, 0x07, 0xb0, 0x3f, 0xff, 0xff, 0xfd, 0x03, 0xf2, 0x00, 0x00, 0x00, 0x1e, 0x70, 0x00, 0x00, 0x00, 0x8e, 0x51, 0x26, 0x70, 0x00, 0x6d, 0xfd, 0x91, 0x00,
    /* U+00EA */ 0x00, 0x05, 0xf3, 0x00, 0x00, 0x00, 0xd7, 0xc0, 0x00, 0x00, 0x78, 0x09, 0x50, 0x00, 0x07, 0xdf, 0xd6, 0x00, 0x07, 0xd3, 0x14, 0xe5, 0x00, 0xe4, 0x00, 0x07, 0xb0, 0x3f, 0xff, 0xff, 0xfd, 0x03, 0xf2, 0x00, 0x00, 0x00, 0x1e, 0x70, 0x00, 0x00, 0x00, 0x8e, 0x51, 0x26, 0x70, 0x00, 0x6d, 0xfd, 0x91, 0x00,
    /* U+00EB */ 0x00, 0x9c, 0x0e, 0x70, 0x00, 0x00, 0x00, 0x00, 0x00, 0x00, 0x00, 0x00, 0x00, 0x00, 0x07, 0xdf, 0xd6, 0x00, 0x07, 0xd3, 0x14, 0xe5, 0x00, 0xe4, 0x00, 0x07, 0xb0, 0x3f, 0xff, 0xff, 0xfd, 0x03, 0xf2, 0x00, 0x00, 0x00, 0x1e, 0x70, 0x00, 0x00, 0x00, 0x8e, 0x51, 0x26, 0x70, 0x00, 0x6d, 0xfd, 0x91, 0x00,
    /* U+00EC */ 0x2e, 0x40, 0x00, 0x4d, 0x10, 0x00, 0x89, 0x00, 0x0a, 0x90, 0x00, 0xa9, 0x00, 0x0a, 0x90, 0x00, 0xa9, 0x00, 0x0a, 0x90, 0x00, 0xa9, 0x00, 0x0a, 0x90, 0x00, 0xa9, 0x00,
    /* U+00ED */ 0x00, 0x6d, 0x10, 0x2e, 0x30, 0x0a, 0x60, 0x00, 0xa9, 0x00, 0x0a, 0x90, 0x00, 0xa9, 0x00, 0x0a, 0x90, 0x00, 0xa9, 0x00, 0x0a, 0x90, 0x00, 0xa9, 0x00, 0x0a, 0x90, 0x00,
    /* U+00EE */ 0x00, 0xcb, 0x00, 0x06, 0xab, 0x40, 0x1d, 0x12, 0xc0, 0x00, 0xa9, 0x00, 0x00, 0xa9, 0x00, 0x00, 0xa9, 0x00, 0x00, 0xa9, 0x00, 0x00, 0xa9, 0x00, 0x00, 0xa9, 0x00, 0x00, 0xa9, 0x00, 0x00, 0xa9, 0x00,
    /* U+00EF */ 0x1f, 0x56, 0xf0, 0x00, 0x00, 0x00, 0x00, 0x00, 0x0a, 0x90, 0x00, 0xa9, 0x00, 0x0a, 0x90, 0x00, 0xa9, 0x00, 0x0a, 0x90, 0x00, 0xa9, 0x00, 0x0a, 0x90, 0x00, 0xa9, 0x00,
    /* U+00F0 */ 0x00, 0x6e, 0x45, 0x90, 0x00, 0x16, 0xdf, 0x71, 0x00, 0x04, 0x51, 0x9d, 0x10, 0x00, 0x08, 0xef, 0xfb, 0x00, 0x08, 0xe4, 0x14, 0xf4, 0x00, 0xe6, 0x00, 0x0b, 0x90, 0x2f, 0x20, 0x00, 0x9b, 0x02, 0xf2, 0x00, 0x09, 0xb0, 0x0e, 0x60, 0x00, 0xc8, 0x00, 0x7d, 0x31, 0x8e, 0x20, 0x00, 0x8e, 0xfc, 0x30, 0x00,
    /* U+00F1 */ 0x00, 0x4e, 0x83, 0xb0, 0x00, 0x0a, 0x47, 0xe5, 0x00, 0x00, 0x00, 0x00, 0x00, 0x00, 0xb9, 0xae, 0xe9, 0x00, 0x0b, 0xf6, 0x13, 0xe6, 0x00, 0xba, 0x00, 0x0a, 0x90, 0x0b, 0x80, 0x00, 0x9a, 0x00, 0xb8, 0x00, 0x09, 0xa0, 0x0b, 0x80, 0x00, 0x9a, 0x00, 0xb8, 0x00, 0x09, 0xa0, 0x0b, 0x80, 0x00, 0x9a, 0x00,
    /* U+00F2 */ 0x00, 0xa9, 0x00, 0x00, 0x00, 0x01, 0xd4, 0x00, 0x00, 0x00, 0x03, 0xd1, 0x00, 0x00, 0x08, 0xef, 0xc4, 0x00, 0x08, 0xd3, 0x18, 0xf2, 0x00, 0xf5, 0x00, 0x0c, 0x80, 0x2f, 0x20, 0x00, 0x9b, 0x03, 0xf2, 0x00, 0x09, 0xb0, 0x0f, 0x50, 0x00, 0xc8, 0x00, 0x8d, 0x31, 0x7f, 0x20, 0x00, 0x8e, 0xfc, 0x40, 0x00,
    /* U+00F3 */ 0x00, 0x00, 0x2e, 0x40, 0x00, 0x00, 0x0b, 0x70, 0x00, 0x00, 0x06, 0xb0, 0x00, 0x00, 0x08, 0xef, 0xc4, 0x00, 0x08, 0xd3, 0x18, 0xf2, 0x00, 0xf5, 0x00, 0x0c, 0x80, 0x2f, 0x20, 0x00, 0x9b, 0x03, 0xf2, 0x00, 0x09, 0xb0, 0x0f, 0x50, 0x00, 0xc8, 0x00, 0x8d, 0x31, 0x7f, 0x20, 0x00, 0x8e, 0xfc, 0x40, 0x00,
    /* U+00F4 */ 0x00, 0x08, 0xe2, 0x00, 0x00, 0x02, 0xd8, 0x90, 0x00, 0x00, 0x95, 0x0c, 0x30, 0x00, 0x08, 0xef, 0xc4, 0x00, 0x08, 0xd3, 0x18, 0xf2, 0x00, 0xf5, 0x00, 0x0c, 0x80, 0x2f, 0x20, 0x00, 0x9b, 0x03, 0xf2, 0x00, 0x09, 0xb0, 0x0f, 0x50, 0x00, 0xc8, 0x00, 0x8d, 0x31, 0x7f, 0x20, 0x00, 0x8e, 0xfc, 0x40, 0x00,
    /* U+00F5 */ 0x00, 0x7e, 0x56, 0x70, 0x00, 0x0d, 0x1a, 0xe2, 0x00, 0x00, 0x00, 0x00, 0x00, 0x00, 0x08, 0xef, 0xc4, 0x00, 0x08, 0xd3, 0x18, 0xf2, 0x00, 0xf5, 0x00, 0x0c, 0x80, 0x2f, 0x20, 0x00, 0x9b, 0x03, 0xf2, 0x00, 0x09, 0xb0, 0x0f, 0x50, 0x00, 0xc8, 0x00, 0x8d, 0x31, 0x7f, 0x20, 0x00, 0x8e, 0xfc, 0x40, 0x00,
    /* U+00F6 */ 0x00, 0xba, 0x1f, 0x50, 0x00, 0x00, 0x00, 0x00, 0x00, 0x00, 0x00, 0x00, 0x00, 0x00, 0x08, 0xef, 0xc4, 0x00, 0x08, 0xd3, 0x18, 0xf2, 0x00, 0xf5, 0x00, 0x0c, 0x80, 0x2f, 0x20, 0x00, 0x9b, 0x03, 0xf2, 0x00, 0x09, 0xb0, 0x0f, 0x50, 0x00, 0xc8, 0x00, 0x8d, 0x31, 0x7f, 0x20, 0x00, 0x8e, 0xfc, 0x40, 0x00,
    /* U+00F7 */ 0x00, 0x00, 0x0f, 0xb0, 0x00, 0x00, 0x00, 0x00, 0x0f, 0xb0, 0x00, 0x00, 0x00, 0x00, 0x00, 0x00, 0x00, 0x00, 0x08, 0xff, 0xff, 0xff, 0xff, 0x40, 0x00, 0x00, 0x00, 0x00, 0x00, 0x00, 0x00, 0x00, 0x0f, 0xb0, 0x00, 0x00, 0x00, 0x00, 0x0f, 0xb0, 0x00, 0x00, 0x00, 0x00, 0x00, 0x00, 0x00, 0x00,
    /* U+00F8 */ 0x00, 0x00, 0x00, 0x03, 0x00, 0x08, 0xee, 0xc8, 0xa0, 0x08, 0xd3, 0x19, 0xf3, 0x00, 0xf6, 0x02, 0xdc, 0x90, 0x2f, 0x21, 0xc4, 0x9b, 0x03, 0xf2, 0xa6, 0x09, 0xb0, 0x1f, 0xb9, 0x00, 0xc8, 0x00, 0xaf, 0x31, 0x7f, 0x20, 0x2c, 0x8d, 0xfc, 0x40, 0x01, 0x20, 0x00, 0x00, 0x00,
    /* U+00F9 */ 0x00, 0x9a, 0x00, 0x00, 0x00, 0x01, 0xd5, 0x00, 0x00, 0x00, 0x03, 0xd1, 0x00, 0x00, 0xc7, 0x00, 0x0a, 0x90, 0x0c, 0x70, 0x00, 0xa9, 0x00, 0xc7, 0x00, 0x0a, 0x90, 0x0c, 0x70, 0x00, 0xa9, 0x00, 0xc7, 0x00, 0x0a, 0x90, 0x0b, 0x80, 0x00, 0xc9, 0x00, 0x8d, 0x21, 0x7f, 0x90, 0x01, 0xae, 0xd9, 0xa9, 0x00,
    /* U+00FA */ 0x00, 0x00, 0x1e, 0x40, 0x00, 0x00, 0x0a, 0x80, 0x00, 0x00, 0x05, 0xc0, 0x00, 0x00, 0xc7, 0x00, 0x0a, 0x90, 0x0c, 0x70, 0x00, 0xa9, 0x00, 0xc7, 0x00, 0x0a, 0x90, 0x0c, 0x70, 0x00, 0xa9, 0x00, 0xc7, 0x00, 0x0a, 0x90, 0x0b, 0x80, 0x00, 0xc9, 0x00, 0x8d, 0x21, 0x7f, 0x90, 0x01, 0xae, 0xd9, 0xa9, 0x00,
    /* U+00FB */ 0x00, 0x07, 0xf2, 0x00, 0x00, 0x01, 0xd7, 0xa0, 0x00, 0x00, 0x86, 0x0b, 0x40, 0x00, 0xc7, 0x00, 0x0a, 0x90, 0x0c, 0x70, 0x00, 0xa9, 0x00, 0xc7, 0x00, 0x0a, 0x90, 0x0c, 0x70, 0x00, 0xa9, 0x00, 0xc7, 0x00, 0x0a, 0x90, 0x0b, 0x80, 0x00, 0xc9, 0x00, 0x8d, 0x21, 0x7f, 0x90, 0x01, 0xae, 0xd9, 0xa9, 0x00,
    /* U+00FC */ 0x00, 0xab, 0x0f, 0x60, 0x00, 0x00, 0x00, 0x00, 0x00, 0x00, 0x00, 0x00, 0x00, 0x00, 0xc7, 0x00, 0x0a, 0x90, 0x0c, 0x70, 0x00, 0xa9, 0x00, 0xc7, 0x00, 0x0a, 0x90, 0x0c, 0x70, 0x00, 0xa9, 0x00, 0xc7, 0x00, 0x0a, 0x90, 0x0b, 0x80, 0x00, 0xc9, 0x00, 0x8d, 0x21, 0x7f, 0x90, 0x01, 0xae, 0xd9, 0xa9, 0x00,
    /* U+00FD */ 0x00, 0x00, 0x4e, 0x20, 0x00, 0x00, 0xd5, 0x00, 0x00, 0x08, 0x90, 0x00, 0x6e, 0x00, 0x00, 0xaa, 0x1e, 0x50, 0x01, 0xf4, 0x09, 0xb0, 0x06, 0xe0, 0x03, 0xf1, 0x0c, 0x80, 0x00, 0xc7, 0x3f, 0x20, 0x00, 0x6d, 0x9b, 0x00, 0x00, 0x1f, 0xf6, 0x00, 0x00, 0x0a, 0xe1, 0x00, 0x00, 0x0b, 0x90, 0x00, 0x00, 0x4f, 0x30, 0x00, 0x0d, 0xe7, 0x00, 0x00,
    /* U+00FE */ 0x0b, 0x80, 0x00, 0x00, 0x00, 0xb8, 0x00, 0x00, 0x00, 0x0b, 0x80, 0x00, 0x00, 0x00, 0xb9, 0xae, 0xe8, 0x00, 0x0b, 0xf7, 0x14, 0xe7, 0x00, 0xbc, 0x00, 0x07, 0xd0, 0x0b, 0x90, 0x00, 0x4f, 0x10, 0xb9, 0x00, 0x04, 0xf1, 0x0b, 0xc0, 0x00, 0x7d, 0x00, 0xbf, 0x71, 0x4e, 0x70, 0x0b, 0x9a, 0xee, 0x80, 0x00, 0xb8, 0x00, 0x00, 0x00, 0x0b, 0x80, 0x00, 0x00, 0x00, 0xb8, 0x00, 0x00, 0x00,
    /* U+00FF */ 0x00, 0xd8, 0x3f, 0x30, 0x00, 0x00, 0x00, 0x00, 0x00, 0x00, 0x00, 0x00, 0x6e, 0x00, 0x00, 0xaa, 0x1e, 0x50, 0x01, 0xf4, 0x09, 0xb0, 0x06, 0xe0, 0x03, 0xf1, 0x0c, 0x80, 0x00, 0xc7, 0x3f, 0x20, 0x00, 0x6d, 0x9b, 0x00, 0x00, 0x1f, 0xf6, 0x00, 0x00, 0x0a, 0xe1, 0x00, 0x00, 0x0b, 0x90, 0x00, 0x00, 0x4f, 0x30, 0x00, 0x0d, 0xe7, 0x00, 0x00,
    /* U+0102 */ 0x00, 0x2d, 0x13, 0xd0, 0x00, 0x00, 0x08, 0xee, 0x50, 0x00, 0x00, 0x00, 0x00, 0x00, 0x00, 0x00, 0x03, 0xfc, 0x00, 0x00, 0x00, 0x09, 0xcf, 0x20, 0x00, 0x00, 0x1e, 0x4b, 0x80, 0x00, 0x00, 0x5d, 0x05, 0xe0, 0x00, 0x00, 0xb7, 0x00, 0xe5, 0x00, 0x02, 0xf2, 0x00, 0x8b, 0x00, 0x08, 0xff, 0xff, 0xff, 0x20, 0x0e, 0x50, 0x00, 0x0b, 0x70, 0x5f, 0x10, 0x00, 0x07, 0xd0, 0xab, 0x00, 0x00, 0x02, 0xf4,
    /* U+0103 */ 0x00, 0xd2, 0x2d, 0x10, 0x00, 0x06, 0xee, 0x70, 0x00, 0x00, 0x00, 0x00, 0x00, 0x00, 0x9f, 0xfe, 0xb2, 0x00, 0x00, 0x00, 0x19, 0xd0, 0x00, 0x00, 0x00, 0x0f, 0x30, 0x03, 0xae, 0xff, 0xf4, 0x00, 0xd9, 0x20, 0x0f, 0x50, 0x2f, 0x20, 0x03, 0xf5, 0x00, 0xe8, 0x13, 0xcf, 0x50, 0x04, 0xdf, 0xd7, 0xe5, 0x00,
    /* U+0110 */ 0x08, 0xff, 0xfe, 0xb7, 0x00, 0x00, 0x8c, 0x00, 0x15, 0xdc, 0x10, 0x08, 0xc0, 0x00, 0x01, 0xe8, 0x00, 0x8c, 0x00, 0x00, 0x09, 0xd0, 0xef, 0xff, 0xf2, 0x00, 0x7f, 0x00, 0x8c, 0x00, 0x00, 0x07, 0xf0, 0x08, 0xc0, 0x00, 0x00, 0x9d, 0x00, 0x8c, 0x00, 0x00, 0x1e, 0x80, 0x08, 0xc0, 0x01, 0x5d, 0xc1, 0x00, 0x8f, 0xff, 0xeb, 0x70, 0x00,
    /* U+0111 */ 0x00, 0x00, 0x00, 0xa9, 0x00, 0x00, 0x0d, 0xff, 0xfa, 0x00, 0x00, 0x00, 0xa9, 0x00, 0x09, 0xed, 0x9a, 0x90, 0x08, 0xd3, 0x18, 0xf9, 0x01, 0xf5, 0x00, 0x0d, 0x90, 0x3f, 0x20, 0x00, 0xb9, 0x03, 0xf2, 0x00, 0x0b, 0x90, 0x1f, 0x50, 0x00, 0xd9, 0x00, 0x8d, 0x31, 0x8f, 0x90, 0x01, 0x9e, 0xe9, 0xa9, 0x00,
    /* U+0128 */ 0x0b, 0xd4, 0xa4, 0x2c, 0x3c, 0xc0, 0x00, 0x00, 0x00, 0x00, 0x00, 0x00, 0x00, 0x9b, 0x00, 0x00, 0x9b, 0x00, 0x00, 0x9b, 0x00, 0x00, 0x9b, 0x00, 0x00, 0x9b, 0x00, 0x00, 0x9b, 0x00, 0x00, 0x9b, 0x00, 0x00, 0x9b, 0x00, 0x00, 0x9b, 0x00, 0x00, 0x9b, 0x00,
    /* U+0129 */ 0x0c, 0xc2, 0xb2, 0x4a, 0x3d, 0xb0, 0x00, 0x00, 0x00, 0x00, 0xa9, 0x00, 0x00, 0xa9, 0x00, 0x00, 0xa9, 0x00, 0x00, 0xa9, 0x00, 0x00, 0xa9, 0x00, 0x00, 0xa9, 0x00, 0x00, 0xa9, 0x00, 0x00, 0xa9, 0x00,
    /* U+0168 */ 0x00, 0x0a, 0xd5, 0x95, 0x00, 0x00, 0x1c, 0x3c, 0xc1, 0x00, 0x00, 0x00, 0x00, 0x00, 0x00, 0x00, 0x00, 0x00, 0x00, 0x00, 0x0c, 0x90, 0x00, 0x05, 0xf0, 0x0c, 0x90, 0x00, 0x05, 0xf0, 0x0c, 0x90, 0x00, 0x05, 0xf0, 0x0c, 0x90, 0x00, 0x05, 0xf0, 0x0c, 0x90, 0x00, 0x05, 0xf0, 0x0c, 0x90, 0x00, 0x05, 0xf0, 0x0b, 0xa0, 0x00, 0x06, 0xf0, 0x09, 0xd0, 0x00, 0x09, 0xc0, 0x02, 0xf8, 0x11, 0x5e, 0x60, 0x00, 0x3b, 0xee, 0xc5, 0x00,
    /* U+0169 */ 0x00, 0x6e, 0x65, 0x90, 0x00, 0x0c, 0x29, 0xe3, 0x00, 0x00, 0x00, 0x00, 0x00, 0x00, 0xc7, 0x00, 0x0a, 0x90, 0x0c, 0x70, 0x00, 0xa9, 0x00, 0xc7, 0x00, 0x0a, 0x90, 0x0c, 0x70, 0x00, 0xa9, 0x00, 0xc7, 0x00, 0x0a, 0x90, 0x0b, 0x80, 0x00, 0xc9, 0x00, 0x8d, 0x21, 0x7f, 0x90, 0x01, 0xae, 0xd9, 0xa9, 0x00,
    /* U+01A0 */ 0x00, 0x00, 0x00, 0x00, 0x03, 0xa0, 0x00, 0x02, 0x9e, 0xfd, 0x96, 0x4a, 0x00, 0x02, 0xea, 0x20, 0x3b, 0xff, 0x50, 0x00, 0xbc, 0x00, 0x00, 0x1e, 0x90, 0x00, 0x2f, 0x60, 0x00, 0x00, 0x8e, 0x00, 0x04, 0xf4, 0x00, 0x00, 0x05, 0xf2, 0x00, 0x4f, 0x40, 0x00, 0x00, 0x5f, 0x20, 0x02, 0xf6, 0x00, 0x00, 0x08, 0xe0, 0x00, 0x0c, 0xc0, 0x00, 0x01, 0xe9, 0x00, 0x00, 0x2e, 0xa2, 0x03, 0xbd, 0x10, 0x00, 0x00, 0x2a, 0xef, 0xd9, 0x10, 0x00, 0x00,
    /* U+01A1 */ 0x00, 0x00, 0x00, 0x07, 0x60, 0x08, 0xef, 0xe7, 0x86, 0x08, 0xd3, 0x18, 0xff, 0x20, 0xe6, 0x00, 0x0c, 0x90, 0x2f, 0x30, 0x00, 0x8b, 0x02, 0xf3, 0x00, 0x08, 0xb0, 0x0e, 0x60, 0x00, 0xc9, 0x00, 0x8d, 0x31, 0x7f, 0x20, 0x00, 0x8e, 0xfc, 0x40, 0x00,
    /* U+01AF */ 0x00, 0x00, 0x00, 0x00, 0x00, 0xc1, 0x0c, 0x90, 0x00, 0x06, 0xf1, 0xc2, 0x0c, 0x90, 0x00, 0x06, 0xfd, 0xc0, 0x0c, 0x90, 0x00, 0x06, 0xf0, 0x00, 0x0c, 0x90, 0x00, 0x06, 0xf0, 0x00, 0x0c, 0x90, 0x00, 0x06, 0xf0, 0x00, 0x0c, 0x90, 0x00, 0x06, 0xf0, 0x00, 0x0b, 0x90, 0x00, 0x07, 0xe0, 0x00, 0x09, 0xc0, 0x00, 0x09, 0xc0, 0x00, 0x03, 0xf7, 0x11, 0x5f, 0x50, 0x00, 0x00, 0x3b, 0xee, 0xc5, 0x00, 0x00,
    /* U+01B0 */ 0x00, 0x00, 0x00, 0x00, 0x76, 0x0c, 0x70, 0x00, 0xbc, 0x86, 0x0c, 0x70, 0x00, 0xaf, 0xe2, 0x0c, 0x70, 0x00, 0xa9, 0x00, 0x0c, 0x70, 0x00, 0xa9, 0x00, 0x0c, 0x70, 0x00, 0xa9, 0x00, 0x0b, 0x80, 0x00, 0xc9, 0x00, 0x07, 0xd2, 0x17, 0xf9, 0x00, 0x01, 0x9e, 0xd9, 0xa9, 0x00,
    /* U+1EA0 */ 0x00, 0x03, 0xfc, 0x00, 0x00, 0x00, 0x09, 0xcf, 0x20, 0x00, 0x00, 0x1e, 0x4b, 0x80, 0x00, 0x00, 0x5d, 0x05, 0xe0, 0x00, 0x00, 0xb7, 0x00, 0xe5, 0x00, 0x02, 0xf2, 0x00, 0x8b, 0x00, 0x08, 0xff, 0xff, 0xff, 0x20, 0x0e, 0x50, 0x00, 0x0b, 0x70, 0x5f, 0x10, 0x00, 0x07, 0xd0, 0xab, 0x00, 0x00, 0x02, 0xf4, 0x00, 0x00, 0x00, 0x00, 0x00, 0x00, 0x00, 0xd5, 0x00, 0x00, 0x00, 0x00, 0x83, 0x00, 0x00,
    /* U+1EA1 */ 0x09, 0xff, 0xeb, 0x20, 0x00, 0x00, 0x01, 0x9d, 0x00, 0x00, 0x00, 0x00, 0xf3, 0x00, 0x3a, 0xef, 0xff, 0x40, 0x0d, 0x92, 0x00, 0xf5, 0x02, 0xf2, 0x00, 0x3f, 0x50, 0x0e, 0x81, 0x3c, 0xf5, 0x00, 0x4d, 0xfd, 0x7e, 0x50, 0x00, 0x00, 0x00, 0x00, 0x00, 0x00, 0xe5, 0x00, 0x00, 0x00, 0x08, 0x30, 0x00, 0x00,
    /* U+1EA2 */ 0x00, 0x05, 0xed, 0x30, 0x00, 0x00, 0x02, 0x19, 0x50, 0x00, 0x00, 0x00, 0x67, 0x00, 0x00, 0x00, 0x00, 0x00, 0x00, 0x00, 0x00, 0x00, 0x00, 0x00, 0x00, 0x00, 0x03, 0xfc, 0x00, 0x00, 0x00, 0x09, 0xcf, 0x20, 0x00, 0x00, 0x1e, 0x4b, 0x80, 0x00, 0x00, 0x5d, 0x05, 0xe0, 0x00, 0x00, 0xb7, 0x00, 0xe5, 0x00, 0x02, 0xf2, 0x00, 0x8b, 0x00, 0x08, 0xff, 0xff, 0xff, 0x20, 0x0e, 0x50, 0x00, 0x0b, 0x70, 0x5f, 0x10, 0x00, 0x07, 0xd0, 0xab, 0x00, 0x00, 0x02, 0xf4,
    /* U+1EA3 */ 0x00, 0x2c, 0xe6, 0x00, 0x00, 0x01, 0x14, 0x90, 0x00, 0x00, 0x02, 0xb1, 0x00, 0x00, 0x00, 0x00, 0x00, 0x00, 0x09, 0xff, 0xeb, 0x20, 0x00, 0x00, 0x01, 0x9d, 0x00, 0x00, 0x00, 0x00, 0xf3, 0x00, 0x3a, 0xef, 0xff, 0x40, 0x0d, 0x92, 0x00, 0xf5, 0x02, 0xf2, 0x00, 0x3f, 0x50, 0x0e, 0x81, 0x3c, 0xf5, 0x00, 0x4d, 0xfd, 0x7e, 0x50,
    /* U+1EA4 */ 0x00, 0x00, 0x00, 0x0a, 0x80, 0x00, 0x03, 0xdb, 0x5b, 0x00, 0x00, 0x1c, 0x28, 0x70, 0x00, 0x00, 0x00, 0x00, 0x00, 0x00, 0x00, 0x00, 0x00, 0x00, 0x00, 0x00, 0x03, 0xfc, 0x00, 0x00, 0x00, 0x09, 0xcf, 0x20, 0x00, 0x00, 0x1e, 0x4b, 0x80, 0x00, 0x00, 0x5d, 0x05, 0xe0, 0x00, 0x00, 0xb7, 0x00, 0xe5, 0x00, 0x02, 0xf2, 0x00, 0x8b, 0x00, 0x08, 0xff, 0xff, 0xff, 0x20, 0x0e, 0x50, 0x00, 0x0b, 0x70, 0x5f, 0x10, 0x00, 0x07, 0xd0, 0xab, 0x00, 0x00, 0x02, 0xf4,
    /* U+1EA5 */ 0x00, 0x00, 0x00, 0x6c, 0x00, 0x01, 0xdd, 0x4d, 0x20, 0x00, 0xa5, 0x4b, 0x00, 0x00, 0x00, 0x00, 0x00, 0x00, 0x09, 0xff, 0xeb, 0x20, 0x00, 0x00, 0x01, 0x9d, 0x00, 0x00, 0x00, 0x00, 0xf3, 0x00, 0x3a, 0xef, 0xff, 0x40, 0x0d, 0x92, 0x00, 0xf5, 0x02, 0xf2, 0x00, 0x3f, 0x50, 0x0e, 0x81, 0x3c, 0xf5, 0x00, 0x4d, 0xfd, 0x7e, 0x50,
    /* U+1EA6 */ 0x00, 0x00, 0x07, 0xb0, 0x00, 0x00, 0x03, 0xdc, 0xb6, 0x00, 0x00, 0x1c, 0x28, 0x70, 0x00, 0x00, 0x00, 0x00, 0x00, 0x00, 0x00, 0x00, 0x00, 0x00, 0x00, 0x00, 0x03, 0xfc, 0x00, 0x00, 0x00, 0x09, 0xcf, 0x20, 0x00, 0x00, 0x1e, 0x4b, 0x80, 0x00, 0x00, 0x5d, 0x05, 0xe0, 0x00, 0x00, 0xb7, 0x00, 0xe5, 0x00, 0x02, 0xf2, 0x00, 0x8b, 0x00, 0x08, 0xff, 0xff, 0xff, 0x20, 0x0e, 0x50, 0x00, 0x0b, 0x70, 0x5f, 0x10, 0x00, 0x07, 0xd0, 0xab, 0x00, 0x00, 0x02, 0xf4,
    /* U+1EA7 */ 0x00, 0x00, 0x4d, 0x10, 0x00, 0x01, 0xdd, 0x8a, 0x00, 0x00, 0xa5, 0x4b, 0x00, 0x00, 0x00, 0x00, 0x00, 0x00, 0x09, 0xff, 0xeb, 0x20, 0x00, 0x00, 0x01, 0x9d, 0x00, 0x00, 0x00, 0x00, 0xf3, 0x00, 0x3a, 0xef, 0xff, 0x40, 0x0d, 0x92, 0x00, 0xf5, 0x02, 0xf2, 0x00, 0x3f, 0x50, 0x0e, 0x81, 0x3c, 0xf5, 0x00, 0x4d, 0xfd, 0x7e, 0x50,
    /* U+1EA8 */ 0x00, 0x00, 0x02, 0xce, 0x70, 0x00, 0x03, 0xdd, 0x24, 0xa0, 0x00, 0x1c, 0x28, 0x9b, 0x10, 0x00, 0x00, 0x00, 0x00, 0x00, 0x00, 0x00, 0x00, 0x00, 0x00, 0x00, 0x03, 0xfc, 0x00, 0x00, 0x00, 0x09, 0xcf, 0x20, 0x00, 0x00, 0x1e, 0x4b, 0x80, 0x00, 0x00, 0x5d, 0x05, 0xe0, 0x00, 0x00, 0xb7, 0x00, 0xe5, 0x00, 0x02, 0xf2, 0x00, 0x8b, 0x00, 0x08, 0xff, 0xff, 0xff, 0x20, 0x0e, 0x50, 0x00, 0x0b, 0x70, 0x5f, 0x10, 0x00, 0x07, 0xd0, 0xab, 0x00, 0x00, 0x02, 0xf4,
    /* U+1EA9 */ 0x00, 0x00, 0x0a, 0xea, 0x00, 0x01, 0xdd, 0x41, 0xc0, 0x00, 0xa5, 0x4b, 0xb2, 0x00, 0x00, 0x00, 0x00, 0x00, 0x09, 0xff, 0xeb, 0x20, 0x00, 0x00, 0x01, 0x9d, 0x00, 0x00, 0x00, 0x00, 0xf3, 0x00, 0x3a, 0xef, 0xff, 0x40, 0x0d, 0x92, 0x00, 0xf5, 0x02, 0xf2, 0x00, 0x3f, 0x50, 0x0e, 0x81, 0x3c, 0xf5, 0x00, 0x4d, 0xfd, 0x7e, 0x50,
    /* U+1EAA */ 0x00, 0x1d, 0xb2, 0xd0, 0x00, 0x00, 0x6c, 0xff, 0x90, 0x00, 0x00, 0x1c, 0x28, 0x70, 0x00, 0x00, 0x00, 0x00, 0x00, 0x00, 0x00, 0x00, 0x00, 0x00, 0x00, 0x00, 0x03, 0xfc, 0x00, 0x00, 0x00, 0x09, 0xcf, 0x20, 0x00, 0x00, 0x1e, 0x4b, 0x80, 0x00, 0x00, 0x5d, 0x05, 0xe0, 0x00, 0x00, 0xb7, 0x00, 0xe5, 0x00, 0x02, 0xf2, 0x00, 0x8b, 0x00, 0x08, 0xff, 0xff, 0xff, 0x20, 0x0e, 0x50, 0x00, 0x0b, 0x70, 0x5f, 0x10, 0x00, 0x07, 0xd0, 0xab, 0x00, 0x00, 0x02, 0xf4,
    /* U+1EAB */ 0x00, 0xad, 0x49, 0x40, 0x00, 0x1d, 0xff, 0xe0, 0x00, 0x00, 0xa5, 0x4b, 0x00, 0x00, 0x00, 0x00, 0x00, 0x00, 0x09, 0xff, 0xeb, 0x20, 0x00, 0x00, 0x01, 0x9d, 0x00, 0x00, 0x00, 0x00, 0xf3, 0x00, 0x3a, 0xef, 0xff, 0x40, 0x0d, 0x92, 0x00, 0xf5, 0x02, 0xf2, 0x00, 0x3f, 0x50, 0x0e, 0x81, 0x3c, 0xf5, 0x00, 0x4d, 0xfd, 0x7e, 0x50,
    /* U+1EAC */ 0x00, 0x03, 0xdb, 0x00, 0x00, 0x00, 0x1c, 0x28, 0x70, 0x00, 0x00, 0x00, 0x00, 0x00, 0x00, 0x00, 0x00, 0x00, 0x00, 0x00, 0x00, 0x03, 0xfc, 0x00, 0x00, 0x00, 0x09, 0xcf, 0x20, 0x00, 0x00, 0x1e, 0x4b, 0x80, 0x00, 0x00, 0x5d, 0x05, 0xe0, 0x00, 0x00, 0xb7, 0x00, 0xe5, 0x00, 0x02, 0xf2, 0x00, 0x8b, 0x00, 0x08, 0xff, 0xff, 0xff, 0x20, 0x0e, 0x50, 0x00, 0x0b, 0x70, 0x5f, 0x10, 0x00, 0x07, 0xd0, 0xab, 0x00, 0x00, 0x02, 0xf4, 0x00, 0x00, 0x00, 0x00, 0x00, 0x00, 0x00, 0xe5, 0x00, 0x00, 0x00, 0x00, 0x83, 0x00, 0x00,
    /* U+1EAD */ 0x00, 0x0b, 0xc0, 0x00, 0x00, 0x04, 0xca, 0x60, 0x00, 0x00, 0xc2, 0x1d, 0x10, 0x00, 0x9f, 0xfe, 0xb2, 0x00, 0x00, 0x00, 0x19, 0xd0, 0x00, 0x00, 0x00, 0x0f, 0x30, 0x03, 0xae, 0xff, 0xf4, 0x00, 0xd9, 0x20, 0x0f, 0x50, 0x2f, 0x20, 0x03, 0xf5, 0x00, 0xe8, 0x13, 0xcf, 0x50, 0x04, 0xdf, 0xd7, 0xe5, 0x00, 0x00, 0x00, 0x00, 0x00, 0x00, 0x0e, 0x50, 0x00, 0x00, 0x00, 0x83, 0x00, 0x00,
    /* U+1EAE */ 0x00, 0x00, 0x0c, 0x60, 0x00, 0x00, 0x00, 0x79, 0x00, 0x00, 0x00, 0x4b, 0x14, 0xc0, 0x00, 0x00, 0x09, 0xed, 0x40, 0x00, 0x00, 0x00, 0x00, 0x00, 0x00, 0x00, 0x03, 0xfc, 0x00, 0x00, 0x00, 0x09, 0xcf, 0x20, 0x00, 0x00, 0x1e, 0x4b, 0x80, 0x00, 0x00, 0x5d, 0x05, 0xe0, 0x00, 0x00, 0xb7, 0x00, 0xe5, 0x00, 0x02, 0xf2, 0x00, 0x8b, 0x00, 0x08, 0xff, 0xff, 0xff, 0x20, 0x0e, 0x50, 0x00, 0x0b, 0x70, 0x5f, 0x10, 0x00, 0x07, 0xd0, 0xab, 0x00, 0x00, 0x02, 0xf4,
    /* U+1EAF */ 0x00, 0x00, 0x99, 0x00, 0x00, 0x00, 0x4c, 0x00, 0x00, 0x01, 0xd2, 0x2d, 0x10, 0x00, 0x06, 0xee, 0x70, 0x00, 0x00, 0x00, 0x00, 0x00, 0x00, 0x9f, 0xfe, 0xb2, 0x00, 0x00, 0x00, 0x19, 0xd0, 0x00, 0x00, 0x00, 0x0f, 0x30, 0x03, 0xae, 0xff, 0xf4, 0x00, 0xd9, 0x20, 0x0f, 0x50, 0x2f, 0x20, 0x03, 0xf5, 0x00, 0xe8, 0x13, 0xcf, 0x50, 0x04, 0xdf, 0xd7, 0xe5, 0x00,
    /* U+1EB0 */ 0x00, 0x0c, 0x60, 0x00, 0x00, 0x00, 0x02, 0xd2, 0x00, 0x00, 0x00, 0x4b, 0x14, 0xc0, 0x00, 0x00, 0x09, 0xed, 0x40, 0x00, 0x00, 0x00, 0x00, 0x00, 0x00, 0x00, 0x03, 0xfc, 0x00, 0x00, 0x00, 0x09, 0xcf, 0x20, 0x00, 0x00, 0x1e, 0x4b, 0x80, 0x00, 0x00, 0x5d, 0x05, 0xe0, 0x00, 0x00, 0xb7, 0x00, 0xe5, 0x00, 0x02, 0xf2, 0x00, 0x8b, 0x00, 0x08, 0xff, 0xff, 0xff, 0x20, 0x0e, 0x50, 0x00, 0x0b, 0x70, 0x5f, 0x10, 0x00, 0x07, 0xd0, 0xab, 0x00, 0x00, 0x02, 0xf4,
    /* U+1EB1 */ 0x00, 0x9a, 0x00, 0x00, 0x00, 0x00, 0xb5, 0x00, 0x00, 0x00, 0xd2, 0x2d, 0x10, 0x00, 0x06, 0xee, 0x70, 0x00, 0x00, 0x00, 0x00, 0x00, 0x00, 0x9f, 0xfe, 0xb2, 0x00, 0x00, 0x00, 0x19, 0xd0, 0x00, 0x00, 0x00, 0x0f, 0x30, 0x03, 0xae, 0xff, 0xf4, 0x00, 0xd9, 0x20, 0x0f, 0x50, 0x2f, 0x20, 0x03, 0xf5, 0x00, 0xe8, 0x13, 0xcf, 0x50, 0x04, 0xdf, 0xd7, 0xe5, 0x00,
    /* U+1EB2 */ 0x00, 0x06, 0xed, 0x20, 0x00, 0x00, 0x02, 0x0a, 0x30, 0x00, 0x00, 0x00, 0x76, 0x00, 0x00, 0x00, 0x4b, 0x14, 0xc0, 0x00, 0x00, 0x09, 0xed, 0x40, 0x00, 0x00, 0x00, 0x00, 0x00, 0x00, 0x00, 0x03, 0xfc, 0x00, 0x00, 0x00, 0x09, 0xcf, 0x20, 0x00, 0x00, 0x1e, 0x4b, 0x80, 0x00, 0x00, 0x5d, 0x05, 0xe0, 0x00, 0x00, 0xb7, 0x00, 0xe5, 0x00, 0x02, 0xf2, 0x00, 0x8b, 0x00, 0x08, 0xff, 0xff, 0xff, 0x20, 0x0e, 0x50, 0x00, 0x0b, 0x70, 0x5f, 0x10, 0x00, 0x07, 0xd0, 0xab, 0x00, 0x00, 0x02, 0xf4,
    /* U+1EB3 */ 0x00, 0x3d, 0xe5, 0x00, 0x00, 0x02, 0x17, 0x70, 0x00, 0x00, 0x03, 0x90, 0x00, 0x00, 0x0d, 0x22, 0xd1, 0x00, 0x00, 0x6e, 0xe7, 0x00, 0x00, 0x00, 0x00, 0x00, 0x00, 0x09, 0xff, 0xeb, 0x20, 0x00, 0x00, 0x01, 0x9d, 0x00, 0x00, 0x00, 0x00, 0xf3, 0x00, 0x3a, 0xef, 0xff, 0x40, 0x0d, 0x92, 0x00, 0xf5, 0x02, 0xf2, 0x00, 0x3f, 0x50, 0x0e, 0x81, 0x3c, 0xf5, 0x00, 0x4d, 0xfd, 0x7e, 0x50,
    /* U+1EB4 */ 0x00, 0x1d, 0xb2, 0xd0, 0x00, 0x00, 0x68, 0x5e, 0x80, 0x00, 0x00, 0x4b, 0x14, 0xc0, 0x00, 0x00, 0x09, 0xed, 0x40, 0x00, 0x00, 0x00, 0x00, 0x00, 0x00, 0x00, 0x03, 0xfc, 0x00, 0x00, 0x00, 0x09, 0xcf, 0x20, 0x00, 0x00, 0x1e, 0x4b, 0x80, 0x00, 0x00, 0x5d, 0x05, 0xe0, 0x00, 0x00, 0xb7, 0x00, 0xe5, 0x00, 0x02, 0xf2, 0x00, 0x8b, 0x00, 0x08, 0xff, 0xff, 0xff, 0x20, 0x0e, 0x50, 0x00, 0x0b, 0x70, 0x5f, 0x10, 0x00, 0x07, 0xd0, 0xab, 0x00, 0x00, 0x02, 0xf4,
    /* U+1EB5 */ 0x00, 0xbd, 0x4a, 0x40, 0x00, 0x2c, 0x3c, 0xc0, 0x00, 0x00, 0xd2, 0x2d, 0x10, 0x00, 0x06, 0xee, 0x70, 0x00, 0x00, 0x00, 0x00, 0x00, 0x00, 0x9f, 0xfe, 0xb2, 0x00, 0x00, 0x00, 0x19, 0xd0, 0x00, 0x00, 0x00, 0x0f, 0x30, 0x03, 0xae, 0xff, 0xf4, 0x00, 0xd9, 0x20, 0x0f, 0x50, 0x2f, 0x20, 0x03, 0xf5, 0x00, 0xe8, 0x13, 0xcf, 0x50, 0x04, 0xdf, 0xd7, 0xe5, 0x00,
    /* U+1EB6 */ 0x00, 0x2d, 0x13, 0xd0, 0x00, 0x00, 0x08, 0xee, 0x50, 0x00, 0x00, 0x00, 0x00, 0x00, 0x00, 0x00, 0x03, 0xfc, 0x00, 0x00, 0x00, 0x09, 0xcf, 0x20, 0x00, 0x00, 0x1e, 0x4b, 0x80, 0x00, 0x00, 0x5d, 0x05, 0xe0, 0x00, 0x00, 0xb7, 0x00, 0xe5, 0x00, 0x02, 0xf2, 0x00, 0x8b, 0x00, 0x08, 0xff, 0xff, 0xff, 0x20, 0x0e, 0x50, 0x00, 0x0b, 0x70, 0x5f, 0x10, 0x00, 0x07, 0xd0, 0xab, 0x00, 0x00, 0x02, 0xf4, 0x00, 0x00, 0x00, 0x00, 0x00, 0x00, 0x00, 0xc6, 0x00, 0x00, 0x00, 0x00, 0x74, 0x00, 0x00,
    /* U+1EB7 */ 0x00, 0xd2, 0x2d, 0x10, 0x00, 0x06, 0xee, 0x70, 0x00, 0x00, 0x00, 0x00, 0x00, 0x00, 0x9f, 0xfe, 0xb2, 0x00, 0x00, 0x00, 0x19, 0xd0, 0x00, 0x00, 0x00, 0x0f, 0x30, 0x03, 0xae, 0xff, 0xf4, 0x00, 0xd9, 0x20, 0x0f, 0x50, 0x2f, 0x20, 0x03, 0xf5, 0x00, 0xe8, 0x13, 0xcf, 0x50, 0x04, 0xdf, 0xd7, 0xe5, 0x00, 0x00, 0x00, 0x00, 0x00, 0x00, 0x0c, 0x70, 0x00, 0x00, 0x00, 0x74, 0x00, 0x00,
    /* U+1EB8 */ 0x09, 0xff, 0xff, 0xfc, 0x00, 0x9b, 0x00, 0x00, 0x00, 0x09, 0xb0, 0x00, 0x00, 0x00, 0x9b, 0x00, 0x00, 0x00, 0x09, 0xff, 0xff, 0xf9, 0x00, 0x9b, 0x00, 0x00, 0x00, 0x09, 0xb0, 0x00, 0x00, 0x00, 0x9b, 0x00, 0x00, 0x00, 0x09, 0xb0, 0x00, 0x00, 0x00, 0x9f, 0xff, 0xff, 0xe0, 0x00, 0x00, 0x00, 0x00, 0x00, 0x00, 0x1f, 0x30, 0x00, 0x00, 0x01, 0x82, 0x00, 0x00,
    /* U+1EB9 */ 0x00, 0x7d, 0xfd, 0x60, 0x00, 0x7d, 0x31, 0x4e, 0x50, 0x0e, 0x40, 0x00, 0x7b, 0x03, 0xff, 0xff, 0xff, 0xd0, 0x3f, 0x20, 0x00, 0x00, 0x01, 0xe7, 0x00, 0x00, 0x00, 0x08, 0xe5, 0x12, 0x67, 0x00, 0x06, 0xdf, 0xd9, 0x10, 0x00, 0x00, 0x00, 0x00, 0x00, 0x00, 0x3f, 0x10, 0x00, 0x00, 0x02, 0x81, 0x00, 0x00,
    /* U+1EBA */ 0x00, 0x08, 0xec, 0x10, 0x00, 0x00, 0x20, 0xb2, 0x00, 0x00, 0x00, 0x94, 0x00, 0x00, 0x00, 0x00, 0x00, 0x00, 0x00, 0x00, 0x00, 0x00, 0x00, 0x9f, 0xff, 0xff, 0xc0, 0x09, 0xb0, 0x00, 0x00, 0x00, 0x9b, 0x00, 0x00, 0x00, 0x09, 0xb0, 0x00, 0x00, 0x00, 0x9f, 0xff, 0xff, 0x90, 0x09, 0xb0, 0x00, 0x00, 0x00, 0x9b, 0x00, 0x00, 0x00, 0x09, 0xb0, 0x00, 0x00, 0x00, 0x9b, 0x00, 0x00, 0x00, 0x09, 0xff, 0xff, 0xfe, 0x00,
    /* U+1EBB */ 0x00, 0x09, 0xeb, 0x00, 0x00, 0x00, 0x21, 0xc1, 0x00, 0x00, 0x00, 0xa3, 0x00, 0x00, 0x00, 0x00, 0x00, 0x00, 0x00, 0x7d, 0xfd, 0x60, 0x00, 0x7d, 0x31, 0x4e, 0x50, 0x0e, 0x40, 0x00, 0x7b, 0x03, 0xff, 0xff, 0xff, 0xd0, 0x3f, 0x20, 0x00, 0x00, 0x01, 0xe7, 0x00, 0x00, 0x00, 0x08, 0xe5, 0x12, 0x67, 0x00, 0x06, 0xdf, 0xd9, 0x10,
    /* U+1EBC */ 0x00, 0x4e, 0x93, 0xb0, 0x00, 0x09, 0x58, 0xe5, 0x00, 0x00, 0x00, 0x00, 0x00, 0x00, 0x00, 0x00, 0x00, 0x00, 0x09, 0xff, 0xff, 0xfc, 0x00, 0x9b, 0x00, 0x00, 0x00, 0x09, 0xb0, 0x00, 0x00, 0x00, 0x9b, 0x00, 0x00, 0x00, 0x09, 0xff, 0xff, 0xf9, 0x00, 0x9b, 0x00, 0x00, 0x00, 0x09, 0xb0, 0x00, 0x00, 0x00, 0x9b, 0x00, 0x00, 0x00, 0x09, 0xb0, 0x00, 0x00, 0x00, 0x9f, 0xff, 0xff, 0xe0,
    /* U+1EBD */ 0x00, 0x4e, 0x83, 0xb0, 0x00, 0x0a, 0x47, 0xe5, 0x00, 0x00, 0x00, 0x00, 0x00, 0x00, 0x07, 0xdf, 0xd6, 0x00, 0x07, 0xd3, 0x14, 0xe5, 0x00, 0xe4, 0x00, 0x07, 0xb0, 0x3f, 0xff, 0xff, 0xfd, 0x03, 0xf2, 0x00, 0x00, 0x00, 0x1e, 0x70, 0x00, 0x00, 0x00, 0x8e, 0x51, 0x26, 0x70, 0x00, 0x6d, 0xfd, 0x91, 0x00,
    /* U+1EBE */ 0x00, 0x00, 0x00, 0x0a, 0x80, 0x00, 0x3d, 0xb5, 0xb0, 0x00, 0x1c, 0x28, 0x70, 0x00, 0x00, 0x00, 0x00, 0x00, 0x00, 0x00, 0x00, 0x00, 0x00, 0x9f, 0xff, 0xff, 0xc0, 0x09, 0xb0, 0x00, 0x00, 0x00, 0x9b, 0x00, 0x00, 0x00, 0x09, 0xb0, 0x00, 0x00, 0x00, 0x9f, 0xff, 0xff, 0x90, 0x09, 0xb0, 0x00, 0x00, 0x00, 0x9b, 0x00, 0x00, 0x00, 0x09, 0xb0, 0x00, 0x00, 0x00, 0x9b, 0x00, 0x00, 0x00, 0x09, 0xff, 0xff, 0xfe, 0x00,
    /* U+1EBF */ 0x00, 0x00, 0x00, 0x1d, 0x30, 0x00, 0x8e, 0x7a, 0x60, 0x00, 0x4b, 0x1c, 0x30, 0x00, 0x00, 0x00, 0x00, 0x00, 0x00, 0x7d, 0xfd, 0x60, 0x00, 0x7d, 0x31, 0x4e, 0x50, 0x0e, 0x40, 0x00, 0x7b, 0x03, 0xff, 0xff, 0xff, 0xd0, 0x3f, 0x20, 0x00, 0x00, 0x01, 0xe7, 0x00, 0x00, 0x00, 0x08, 0xe5, 0x12, 0x67, 0x00, 0x06, 0xdf, 0xd9, 0x10,
    /* U+1EC0 */ 0x00, 0x00, 0x09, 0x90, 0x00, 0x00, 0x5e, 0xac, 0x40, 0x00, 0x2c, 0x1a, 0x60, 0x00, 0x00, 0x00, 0x00, 0x00, 0x00, 0x00, 0x00, 0x00, 0x00, 0x9f, 0xff, 0xff, 0xc0, 0x09, 0xb0, 0x00, 0x00, 0x00, 0x9b, 0x00, 0x00, 0x00, 0x09, 0xb0, 0x00, 0x00, 0x00, 0x9f, 0xff, 0xff, 0x90, 0x09, 0xb0, 0x00, 0x00, 0x00, 0x9b, 0x00, 0x00, 0x00, 0x09, 0xb0, 0x00, 0x00, 0x00, 0x9b, 0x00, 0x00, 0x00, 0x09, 0xff, 0xff, 0xfe, 0x00,
    /* U+1EC1 */ 0x00, 0x00, 0x0c, 0x60, 0x00, 0x00, 0x8e, 0x8d, 0x20, 0x00, 0x4b, 0x1c, 0x30, 0x00, 0x00, 0x00, 0x00, 0x00, 0x00, 0x7d, 0xfd, 0x60, 0x00, 0x7d, 0x31, 0x4e, 0x50, 0x0e, 0x40, 0x00, 0x7b, 0x03, 0xff, 0xff, 0xff, 0xd0, 0x3f, 0x20, 0x00, 0x00, 0x01, 0xe7, 0x00, 0x00, 0x00, 0x08, 0xe5, 0x12, 0x67, 0x00, 0x06, 0xdf, 0xd9, 0x10,
    /* U+1EC2 */ 0x00, 0x00, 0x03, 0xde, 0x50, 0x00, 0x5e, 0xb1, 0x68, 0x00, 0x2c, 0x1a, 0x9a, 0x00, 0x00, 0x00, 0x00, 0x00, 0x00, 0x00, 0x00, 0x00, 0x00, 0x9f, 0xff, 0xff, 0xc0, 0x09, 0xb0, 0x00, 0x00, 0x00, 0x9b, 0x00, 0x00, 0x00, 0x09, 0xb0, 0x00, 0x00, 0x00, 0x9f, 0xff, 0xff, 0x90, 0x09, 0xb0, 0x00, 0x00, 0x00, 0x9b, 0x00, 0x00, 0x00, 0x09, 0xb0, 0x00, 0x00, 0x00, 0x9b, 0x00, 0x00, 0x00, 0x09, 0xff, 0xff, 0xfe, 0x00,
    /* U+1EC3 */ 0x00, 0x00, 0x05, 0xed, 0x30, 0x00, 0x8e, 0x91, 0x95, 0x00, 0x4b, 0x1c, 0x87, 0x00, 0x00, 0x00, 0x00, 0x00, 0x00, 0x7d, 0xfd, 0x60, 0x00, 0x7d, 0x31, 0x4e, 0x50, 0x0e, 0x40, 0x00, 0x7b, 0x03, 0xff, 0xff, 0xff, 0xd0, 0x3f, 0x20, 0x00, 0x00, 0x01, 0xe7, 0x00, 0x00, 0x00, 0x08, 0xe5, 0x12, 0x67, 0x00, 0x06, 0xdf, 0xd9, 0x10,
    /* U+1EC4 */ 0x00, 0x3e, 0xa2, 0xc0, 0x00, 0x08, 0xcf, 0xf6, 0x00, 0x00, 0x2c, 0x1a, 0x50, 0x00, 0x00, 0x00, 0x00, 0x00, 0x00, 0x00, 0x00, 0x00, 0x00, 0x9f, 0xff, 0xff, 0xc0, 0x09, 0xb0, 0x00, 0x00, 0x00, 0x9b, 0x00, 0x00, 0x00, 0x09, 0xb0, 0x00, 0x00, 0x00, 0x9f, 0xff, 0xff, 0x90, 0x09, 0xb0, 0x00, 0x00, 0x00, 0x9b, 0x00, 0x00, 0x00, 0x09, 0xb0, 0x00, 0x00, 0x00, 0x9b, 0x00, 0x00, 0x00, 0x09, 0xff, 0xff, 0xfe, 0x00,
    /* U+1EC5 */ 0x00, 0x5e, 0x84, 0xa0, 0x00, 0x0b, 0xcf, 0xf4, 0x00, 0x00, 0x4b, 0x1c, 0x30, 0x00, 0x00, 0x00, 0x00, 0x00, 0x00, 0x7d, 0xfd, 0x60, 0x00, 0x7d, 0x31, 0x4e, 0x50, 0x0e, 0x40, 0x00, 0x7b, 0x03, 0xff, 0xff, 0xff, 0xd0, 0x3f, 0x20, 0x00, 0x00, 0x01, 0xe7, 0x00, 0x00, 0x00, 0x08, 0xe5, 0x12, 0x67, 0x00, 0x06, 0xdf, 0xd9, 0x10,
    /* U+1EC6 */ 0x00, 0x06, 0xe9, 0x00, 0x00, 0x03, 0xc1, 0xb4, 0x00, 0x00, 0x00, 0x00, 0x00, 0x00, 0x00, 0x00, 0x00, 0x00, 0x09, 0xff, 0xff, 0xfc, 0x00, 0x9b, 0x00, 0x00, 0x00, 0x09, 0xb0, 0x00, 0x00, 0x00, 0x9b, 0x00, 0x00, 0x00, 0x09, 0xff, 0xff, 0xf9, 0x00, 0x9b, 0x00, 0x00, 0x00, 0x09, 0xb0, 0x00, 0x00, 0x00, 0x9b, 0x00, 0x00, 0x00, 0x09, 0xb0, 0x00, 0x00, 0x00, 0x9f, 0xff, 0xff, 0xe0, 0x00, 0x00, 0x00, 0x00, 0x00, 0x00, 0x1f, 0x30, 0x00, 0x00, 0x01, 0x82, 0x00, 0x00,
    /* U+1EC7 */ 0x00, 0x05, 0xf3, 0x00, 0x00, 0x00, 0xd7, 0xc0, 0x00, 0x00, 0x78, 0x09, 0x50, 0x00, 0x07, 0xdf, 0xd6, 0x00, 0x07, 0xd3, 0x14, 0xe5, 0x00, 0xe4, 0x00, 0x07, 0xb0, 0x3f, 0xff, 0xff, 0xfd, 0x03, 0xf2, 0x00, 0x00, 0x00, 0x1e, 0x70, 0x00, 0x00, 0x00, 0x8e, 0x51, 0x26, 0x70, 0x00, 0x6d, 0xfd, 0x91, 0x00, 0x00, 0x01, 0x00, 0x00, 0x00, 0x06, 0xf2, 0x00, 0x00, 0x00, 0x3f, 0x10, 0x00,
    /* U+1EC8 */ 0x3d, 0xe5, 0x21, 0x68, 0x03, 0xa0, 0x00, 0x00, 0x00, 0x00, 0x09, 0xb0, 0x09, 0xb0, 0x09, 0xb0, 0x09, 0xb0, 0x09, 0xb0, 0x09, 0xb0, 0x09, 0xb0, 0x09, 0xb0, 0x09, 0xb0, 0x09, 0xb0,
    /* U+1EC9 */ 0x4d, 0xd4, 0x21, 0x86, 0x05, 0x80, 0x00, 0x00, 0x0a, 0x90, 0x0a, 0x90, 0x0a, 0x90, 0x0a, 0x90, 0x0a, 0x90, 0x0a, 0x90, 0x0a, 0x90, 0x0a, 0x90,
    /* U+1ECA */ 0x09, 0xb0, 0x09, 0xb0, 0x09, 0xb0, 0x09, 0xb0, 0x09, 0xb0, 0x09, 0xb0, 0x09, 0xb0, 0x09, 0xb0, 0x09, 0xb0, 0x09, 0xb0, 0x00, 0x00, 0x09, 0xa0, 0x05, 0x60,
    /* U+1ECB */ 0x0a, 0x90, 0x0a, 0x90, 0x00, 0x00, 0x0a, 0x90, 0x0a, 0x90, 0x0a, 0x90, 0x0a, 0x90, 0x0a, 0x90, 0x0a, 0x90, 0x0a, 0x90, 0x0a, 0x90, 0x00, 0x00, 0x0a, 0x80, 0x06, 0x50,
    /* U+1ECC */ 0x00, 0x29, 0xdf, 0xd9, 0x20, 0x00, 0x2e, 0xb3, 0x02, 0xbe, 0x20, 0x0a, 0xd0, 0x00, 0x00, 0xda, 0x01, 0xf7, 0x00, 0x00, 0x07, 0xf1, 0x3f, 0x50, 0x00, 0x00, 0x4f, 0x33, 0xf5, 0x00, 0x00, 0x04, 0xf3, 0x1f, 0x70, 0x00, 0x00, 0x7f, 0x10, 0xad, 0x00, 0x00, 0x0d, 0xa0, 0x02, 0xeb, 0x30, 0x2a, 0xe2, 0x00, 0x02, 0x9d, 0xfe, 0x92, 0x00, 0x00, 0x00, 0x00, 0x00, 0x00, 0x00, 0x00, 0x02, 0xf2, 0x00, 0x00, 0x00, 0x00, 0x18, 0x10, 0x00, 0x00,
    /* U+1ECD */ 0x00, 0x8e, 0xfc, 0x40, 0x00, 0x8d, 0x31, 0x8f, 0x20, 0x0f, 0x50, 0x00, 0xc8, 0x02, 0xf2, 0x00, 0x09, 0xb0, 0x3f, 0x20, 0x00, 0x9b, 0x00, 0xf5, 0x00, 0x0c, 0x80, 0x08, 0xd3, 0x17, 0xf2, 0x00, 0x08, 0xef, 0xc4, 0x00, 0x00, 0x00, 0x00, 0x00, 0x00, 0x00, 0x5d, 0x00, 0x00, 0x00, 0x03, 0x80, 0x00, 0x00,
    /* U+1ECE */ 0x00, 0x00, 0x8e, 0xc1, 0x00, 0x00, 0x00, 0x02, 0x1c, 0x10, 0x00, 0x00, 0x00, 0x09, 0x40, 0x00, 0x00, 0x00, 0x00, 0x00, 0x00, 0x00, 0x00, 0x00, 0x00, 0x00, 0x00, 0x00, 0x02, 0x9d, 0xfd, 0x92, 0x00, 0x02, 0xeb, 0x30, 0x2b, 0xe2, 0x00, 0xad, 0x00, 0x00, 0x0d, 0xa0, 0x1f, 0x70, 0x00, 0x00, 0x7f, 0x13, 0xf5, 0x00, 0x00, 0x04, 0xf3, 0x3f, 0x50, 0x00, 0x00, 0x4f, 0x31, 0xf7, 0x00, 0x00, 0x07, 0xf1, 0x0a, 0xd0, 0x00, 0x00, 0xda, 0x00, 0x2e, 0xb3, 0x02, 0xae, 0x20, 0x00, 0x29, 0xdf, 0xe9, 0x20, 0x00,
    /* U+1ECF */ 0x00, 0x0a, 0xea, 0x00, 0x00, 0x00, 0x31, 0xc0, 0x00, 0x00, 0x00, 0xb2, 0x00, 0x00, 0x00, 0x00, 0x00, 0x00, 0x00, 0x8e, 0xfc, 0x40, 0x00, 0x8d, 0x31, 0x8f, 0x20, 0x0f, 0x50, 0x00, 0xc8, 0x02, 0xf2, 0x00, 0x09, 0xb0, 0x3f, 0x20, 0x00, 0x9b, 0x00, 0xf5, 0x00, 0x0c, 0x80, 0x08, 0xd3, 0x17, 0xf2, 0x00, 0x08, 0xef, 0xc4, 0x00,
    /* U+1ED0 */ 0x00, 0x00, 0x00, 0x01, 0xd4, 0x00, 0x00, 0x07, 0xe8, 0x97, 0x00, 0x00, 0x03, 0xb1, 0xb4, 0x00, 0x00, 0x00, 0x00, 0x00, 0x00, 0x00, 0x00, 0x00, 0x00, 0x00, 0x00, 0x00, 0x02, 0x9d, 0xfd, 0x92, 0x00, 0x02, 0xeb, 0x30, 0x2b, 0xe2, 0x00, 0xad, 0x00, 0x00, 0x0d, 0xa0, 0x1f, 0x70, 0x00, 0x00, 0x7f, 0x13, 0xf5, 0x00, 0x00, 0x04, 0xf3, 0x3f, 0x50, 0x00, 0x00, 0x4f, 0x31, 0xf7, 0x00, 0x00, 0x07, 0xf1, 0x0a, 0xd0, 0x00, 0x00, 0xda, 0x00, 0x2e, 0xb3, 0x02, 0xae, 0x20, 0x00, 0x29, 0xdf, 0xe9, 0x20, 0x00,
    /* U+1ED1 */ 0x00, 0x00, 0x00, 0x3e, 0x20, 0x00, 0xbd, 0x5c, 0x40, 0x00, 0x79, 0x2c, 0x10, 0x00, 0x00, 0x00, 0x00, 0x00, 0x00, 0x8e, 0xfc, 0x40, 0x00, 0x8d, 0x31, 0x8f, 0x20, 0x0f, 0x50, 0x00, 0xc8, 0x02, 0xf2, 0x00, 0x09, 0xb0, 0x3f, 0x20, 0x00, 0x9b, 0x00, 0xf5, 0x00, 0x0c, 0x80, 0x08, 0xd3, 0x17, 0xf2, 0x00, 0x08, 0xef, 0xc4, 0x00,
    /* U+1ED2 */ 0x00, 0x00, 0x00, 0xb7, 0x00, 0x00, 0x00, 0x08, 0xe9, 0xd2, 0x00, 0x00, 0x03, 0xb1, 0xb3, 0x00, 0x00, 0x00, 0x00, 0x00, 0x00, 0x00, 0x00, 0x00, 0x00, 0x00, 0x00, 0x00, 0x02, 0x9d, 0xfd, 0x92, 0x00, 0x02, 0xeb, 0x30, 0x2b, 0xe2, 0x00, 0xad, 0x00, 0x00, 0x0d, 0xa0, 0x1f, 0x70, 0x00, 0x00, 0x7f, 0x13, 0xf5, 0x00, 0x00, 0x04, 0xf3, 0x3f, 0x50, 0x00, 0x00, 0x4f, 0x31, 0xf7, 0x00, 0x00, 0x07, 0xf1, 0x0a, 0xd0, 0x00, 0x00, 0xda, 0x00, 0x2e, 0xb3, 0x02, 0xae, 0x20, 0x00, 0x29, 0xdf, 0xe9, 0x20, 0x00,
    /* U+1ED3 */ 0x00, 0x00, 0x1d, 0x30, 0x00, 0x00, 0xbd, 0x8d, 0x10, 0x00, 0x78, 0x2c, 0x10, 0x00, 0x00, 0x00, 0x00, 0x00, 0x00, 0x8e, 0xfc, 0x40, 0x00, 0x8d, 0x31, 0x8f, 0x20, 0x0f, 0x50, 0x00, 0xc8, 0x02, 0xf2, 0x00, 0x09, 0xb0, 0x3f, 0x20, 0x00, 0x9b, 0x00, 0xf5, 0x00, 0x0c, 0x80, 0x08, 0xd3, 0x17, 0xf2, 0x00, 0x08, 0xef, 0xc4, 0x00,
    /* U+1ED4 */ 0x00, 0x00, 0x00, 0x5e, 0xd3, 0x00, 0x00, 0x08, 0xea, 0x18, 0x50, 0x00, 0x03, 0xb1, 0xb8, 0x80, 0x00, 0x00, 0x00, 0x00, 0x00, 0x00, 0x00, 0x00, 0x00, 0x00, 0x00, 0x00, 0x02, 0x9d, 0xfd, 0x92, 0x00, 0x02, 0xeb, 0x30, 0x2b, 0xe2, 0x00, 0xad, 0x00, 0x00, 0x0d, 0xa0, 0x1f, 0x70, 0x00, 0x00, 0x7f, 0x13, 0xf5, 0x00, 0x00, 0x04, 0xf3, 0x3f, 0x50, 0x00, 0x00, 0x4f, 0x31, 0xf7, 0x00, 0x00, 0x07, 0xf1, 0x0a, 0xd0, 0x00, 0x00, 0xda, 0x00, 0x2e, 0xb3, 0x02, 0xae, 0x20, 0x00, 0x29, 0xdf, 0xe9, 0x20, 0x00,
    /* U+1ED5 */ 0x00, 0x00, 0x07, 0xec, 0x10, 0x00, 0xbd, 0x70, 0xb2, 0x00, 0x79, 0x2c, 0x95, 0x00, 0x00, 0x00, 0x00, 0x00, 0x00, 0x8e, 0xfc, 0x40, 0x00, 0x8d, 0x31, 0x8f, 0x20, 0x0f, 0x50, 0x00, 0xc8, 0x02, 0xf2, 0x00, 0x09, 0xb0, 0x3f, 0x20, 0x00, 0x9b, 0x00, 0xf5, 0x00, 0x0c, 0x80, 0x08, 0xd3, 0x17, 0xf2, 0x00, 0x08, 0xef, 0xc4, 0x00,
    /* U+1ED6 */ 0x00, 0x05, 0xe9, 0x4a, 0x00, 0x00, 0x00, 0xac, 0xff, 0x40, 0x00, 0x00, 0x04, 0xb1, 0xc3, 0x00, 0x00, 0x00, 0x00, 0x00, 0x00, 0x00, 0x00, 0x00, 0x00, 0x00, 0x00, 0x00, 0x02, 0x9d, 0xfd, 0x92, 0x00, 0x02, 0xeb, 0x30, 0x2b, 0xe2, 0x00, 0xad, 0x00, 0x00, 0x0d, 0xa0, 0x1f, 0x70, 0x00, 0x00, 0x7f, 0x13, 0xf5, 0x00, 0x00, 0x04, 0xf3, 0x3f, 0x50, 0x00, 0x00, 0x4f, 0x31, 0xf7, 0x00, 0x00, 0x07, 0xf1, 0x0a, 0xd0, 0x00, 0x00, 0xda, 0x00, 0x2e, 0xb3, 0x02, 0xae, 0x20, 0x00, 0x29, 0xdf, 0xe9, 0x20, 0x00,
    /* U+1ED7 */ 0x00, 0x7e, 0x66, 0x70, 0x00, 0x0d, 0xdf, 0xf2, 0x00, 0x00, 0x79, 0x2c, 0x10, 0x00, 0x00, 0x00, 0x00, 0x00, 0x00, 0x8e, 0xfc, 0x40, 0x00, 0x8d, 0x31, 0x8f, 0x20, 0x0f, 0x50, 0x00, 0xc8, 0x02, 0xf2, 0x00, 0x09, 0xb0, 0x3f, 0x20, 0x00, 0x9b, 0x00, 0xf5, 0x00, 0x0c, 0x80, 0x08, 0xd3, 0x17, 0xf2, 0x00, 0x08, 0xef, 0xc4, 0x00,
    /* U+1ED8 */ 0x00, 0x00, 0x7e, 0x80, 0x00, 0x00, 0x00, 0x3b, 0x1b, 0x40, 0x00, 0x00, 0x00, 0x00, 0x00, 0x00, 0x00, 0x00, 0x00, 0x00, 0x00, 0x00, 0x00, 0x29, 0xdf, 0xd9, 0x20, 0x00, 0x2e, 0xb3, 0x02, 0xbe, 0x20, 0x0a, 0xd0, 0x00, 0x00, 0xda, 0x01, 0xf7, 0x00, 0x00, 0x07, 0xf1, 0x3f, 0x50, 0x00, 0x00, 0x4f, 0x33, 0xf5, 0x00, 0x00, 0x04, 0xf3, 0x1f, 0x70, 0x00, 0x00, 0x7f, 0x10, 0xad, 0x00, 0x00, 0x0d, 0xa0, 0x02, 0xeb, 0x30, 0x2a, 0xe2, 0x00, 0x02, 0x9d, 0xfe, 0x92, 0x00, 0x00, 0x00, 0x00, 0x00, 0x00, 0x00, 0x00, 0x02, 0xf2, 0x00, 0x00, 0x00, 0x00, 0x18, 0x10, 0x00, 0x00,
    /* U+1ED9 */ 0x00, 0x08, 0xe2, 0x00, 0x00, 0x02, 0xd8, 0x90, 0x00, 0x00, 0x95, 0x0c, 0x30, 0x00, 0x08, 0xef, 0xc4, 0x00, 0x08, 0xd3, 0x18, 0xf2, 0x00, 0xf5, 0x00, 0x0c, 0x80, 0x2f, 0x20, 0x00, 0x9b, 0x03, 0xf2, 0x00, 0x09, 0xb0, 0x0f, 0x50, 0x00, 0xc8, 0x00, 0x8d, 0x31, 0x7f, 0x20, 0x00, 0x8e, 0xfc, 0x40, 0x00, 0x00, 0x01, 0x00, 0x00, 0x00, 0x0b, 0xf0, 0x00, 0x00, 0x00, 0x6f, 0x00, 0x00,
    /* U+1EDA */ 0x00, 0x00, 0x07, 0xb0, 0x00, 0x00, 0x00, 0x00, 0x02, 0xd1, 0x00, 0x00, 0x00, 0x00, 0x00, 0x00, 0x00, 0x00, 0x00, 0x00, 0x00, 0x00, 0x00, 0x00, 0x3a, 0x00, 0x00, 0x29, 0xef, 0xd9, 0x64, 0xa0, 0x00, 0x2e, 0xa2, 0x03, 0xbf, 0xf5, 0x00, 0x0b, 0xc0, 0x00, 0x01, 0xe9, 0x00, 0x02, 0xf6, 0x00, 0x00, 0x08, 0xe0, 0x00, 0x4f, 0x40, 0x00, 0x00, 0x5f, 0x20, 0x04, 0xf4, 0x00, 0x00, 0x05, 0xf2, 0x00, 0x2f, 0x60, 0x00, 0x00, 0x8e, 0x00, 0x00, 0xcc, 0x00, 0x00, 0x1e, 0x90, 0x00, 0x02, 0xea, 0x20, 0x3b, 0xd1, 0x00, 0x00, 0x02, 0xae, 0xfd, 0x91, 0x00, 0x00,
    /* U+1EDB */ 0x00, 0x00, 0x2e, 0x40, 0x00, 0x00, 0x0b, 0x70, 0x00, 0x00, 0x06, 0xb0, 0x07, 0x60, 0x08, 0xef, 0xe7, 0x86, 0x08, 0xd3, 0x18, 0xff, 0x20, 0xe6, 0x00, 0x0c, 0x90, 0x2f, 0x30, 0x00, 0x8b, 0x02, 0xf3, 0x00, 0x08, 0xb0, 0x0e, 0x60, 0x00, 0xc9, 0x00, 0x8d, 0x31, 0x7f, 0x20, 0x00, 0x8e, 0xfc, 0x40, 0x00,
    /* U+1EDC */ 0x00, 0x00, 0xb7, 0x00, 0x00, 0x00, 0x00, 0x00, 0x01, 0xd2, 0x00, 0x00, 0x00, 0x00, 0x00, 0x00, 0x00, 0x00, 0x00, 0x00, 0x00, 0x00, 0x00, 0x00, 0x3a, 0x00, 0x00, 0x29, 0xef, 0xd9, 0x64, 0xa0, 0x00, 0x2e, 0xa2, 0x03, 0xbf, 0xf5, 0x00, 0x0b, 0xc0, 0x00, 0x01, 0xe9, 0x00, 0x02, 0xf6, 0x00, 0x00, 0x08, 0xe0, 0x00, 0x4f, 0x40, 0x00, 0x00, 0x5f, 0x20, 0x04, 0xf4, 0x00, 0x00, 0x05, 0xf2, 0x00, 0x2f, 0x60, 0x00, 0x00, 0x8e, 0x00, 0x00, 0xcc, 0x00, 0x00, 0x1e, 0x90, 0x00, 0x02, 0xea, 0x20, 0x3b, 0xd1, 0x00, 0x00, 0x02, 0xae, 0xfd, 0x91, 0x00, 0x00,
    /* U+1EDD */ 0x00, 0xa9, 0x00, 0x00, 0x00, 0x01, 0xd4, 0x00, 0x00, 0x00, 0x03, 0xd1, 0x07, 0x60, 0x08, 0xef, 0xe7, 0x86, 0x08, 0xd3, 0x18, 0xff, 0x20, 0xe6, 0x00, 0x0c, 0x90, 0x2f, 0x30, 0x00, 0x8b, 0x02, 0xf3, 0x00, 0x08, 0xb0, 0x0e, 0x60, 0x00, 0xc9, 0x00, 0x8d, 0x31, 0x7f, 0x20, 0x00, 0x8e, 0xfc, 0x40, 0x00,
    /* U+1EDE */ 0x00, 0x00, 0x8e, 0xc1, 0x00, 0x00, 0x00, 0x00, 0x02, 0x1c, 0x10, 0x00, 0x00, 0x00, 0x00, 0x09, 0x40, 0x00, 0x00, 0x00, 0x00, 0x00, 0x00, 0x00, 0x00, 0x00, 0x00, 0x00, 0x00, 0x00, 0x03, 0xa0, 0x00, 0x02, 0x9e, 0xfd, 0x96, 0x4a, 0x00, 0x02, 0xea, 0x20, 0x3b, 0xff, 0x50, 0x00, 0xbc, 0x00, 0x00, 0x1e, 0x90, 0x00, 0x2f, 0x60, 0x00, 0x00, 0x8e, 0x00, 0x04, 0xf4, 0x00, 0x00, 0x05, 0xf2, 0x00, 0x4f, 0x40, 0x00, 0x00, 0x5f, 0x20, 0x02, 0xf6, 0x00, 0x00, 0x08, 0xe0, 0x00, 0x0c, 0xc0, 0x00, 0x01, 0xe9, 0x00, 0x00, 0x2e, 0xa2, 0x03, 0xbd, 0x10, 0x00, 0x00, 0x2a, 0xef, 0xd9, 0x10, 0x00, 0x00,
    /* U+1EDF */ 0x00, 0x0a, 0xea, 0x00, 0x00, 0x00, 0x31, 0xc0, 0x00, 0x00, 0x00, 0xb2, 0x00, 0x00, 0x00, 0x00, 0x00, 0x76, 0x00, 0x8e, 0xfe, 0x78, 0x60, 0x8d, 0x31, 0x8f, 0xf2, 0x0e, 0x60, 0x00, 0xc9, 0x02, 0xf3, 0x00, 0x08, 0xb0, 0x2f, 0x30, 0x00, 0x8b, 0x00, 0xe6, 0x00, 0x0c, 0x90, 0x08, 0xd3, 0x17, 0xf2, 0x00, 0x08, 0xef, 0xc4, 0x00,
    /* U+1EE0 */ 0x00, 0x04, 0xe9, 0x4a, 0x00, 0x00, 0x00, 0x00, 0xa4, 0x8e, 0x40, 0x00, 0x00, 0x00, 0x00, 0x00, 0x00, 0x00, 0x00, 0x00, 0x00, 0x00, 0x00, 0x00, 0x3a, 0x00, 0x00, 0x29, 0xef, 0xd9, 0x64, 0xa0, 0x00, 0x2e, 0xa2, 0x03, 0xbf, 0xf5, 0x00, 0x0b, 0xc0, 0x00, 0x01, 0xe9, 0x00, 0x02, 0xf6, 0x00, 0x00, 0x08, 0xe0, 0x00, 0x4f, 0x40, 0x00, 0x00, 0x5f, 0x20, 0x04, 0xf4, 0x00, 0x00, 0x05, 0xf2, 0x00, 0x2f, 0x60, 0x00, 0x00, 0x8e, 0x00, 0x00, 0xcc, 0x00, 0x00, 0x1e, 0x90, 0x00, 0x02, 0xea, 0x20, 0x3b, 0xd1, 0x00, 0x00, 0x02, 0xae, 0xfd, 0x91, 0x00, 0x00,
    /* U+1EE1 */ 0x00, 0x7e, 0x56, 0x70, 0x00, 0x0d, 0x1a, 0xe2, 0x00, 0x00, 0x00, 0x00, 0x07, 0x60, 0x08, 0xef, 0xe7, 0x86, 0x08, 0xd3, 0x18, 0xff, 0x20, 0xe6, 0x00, 0x0c, 0x90, 0x2f, 0x30, 0x00, 0x8b, 0x02, 0xf3, 0x00, 0x08, 0xb0, 0x0e, 0x60, 0x00, 0xc9, 0x00, 0x8d, 0x31, 0x7f, 0x20, 0x00, 0x8e, 0xfc, 0x40, 0x00,
    /* U+1EE2 */ 0x00, 0x00, 0x00, 0x00, 0x03, 0xa0, 0x00, 0x02, 0x9e, 0xfd, 0x96, 0x4a, 0x00, 0x02, 0xea, 0x20, 0x3b, 0xff, 0x50, 0x00, 0xbc, 0x00, 0x00, 0x1e, 0x90, 0x00, 0x2f, 0x60, 0x00, 0x00, 0x8e, 0x00, 0x04, 0xf4, 0x00, 0x00, 0x05, 0xf2, 0x00, 0x4f, 0x40, 0x00, 0x00, 0x5f, 0x20, 0x02, 0xf6, 0x00, 0x00, 0x08, 0xe0, 0x00, 0x0c, 0xc0, 0x00, 0x01, 0xe9, 0x00, 0x00, 0x2e, 0xa2, 0x03, 0xbd, 0x10, 0x00, 0x00, 0x2a, 0xef, 0xd9, 0x10, 0x00, 0x00, 0x00, 0x00, 0x00, 0x00, 0x00, 0x00, 0x00, 0x00, 0x2f, 0x20, 0x00, 0x00, 0x00, 0x00, 0x01, 0x81, 0x00, 0x00, 0x00,
    /* U+1EE3 */ 0x00, 0x00, 0x00, 0x07, 0x60, 0x08, 0xef, 0xe7, 0x86, 0x08, 0xd3, 0x18, 0xff, 0x20, 0xe6, 0x00, 0x0c, 0x90, 0x2f, 0x30, 0x00, 0x8b, 0x02, 0xf3, 0x00, 0x08, 0xb0, 0x0e, 0x60, 0x00, 0xc9, 0x00, 0x8d, 0x31, 0x7f, 0x20, 0x00, 0x8e, 0xfc, 0x40, 0x00, 0x00, 0x00, 0x00, 0x00, 0x00, 0x05, 0xd0, 0x00, 0x00, 0x00, 0x38, 0x00, 0x00,
    /* U+1EE4 */ 0x0c, 0x90, 0x00, 0x05, 0xf0, 0x0c, 0x90, 0x00, 0x05, 0xf0, 0x0c, 0x90, 0x00, 0x05, 0xf0, 0x0c, 0x90, 0x00, 0x05, 0xf0, 0x0c, 0x90, 0x00, 0x05, 0xf0, 0x0c, 0x90, 0x00, 0x05, 0xf0, 0x0b, 0xa0, 0x00, 0x06, 0xf0, 0x09, 0xd0, 0x00, 0x09, 0xc0, 0x02, 0xf8, 0x11, 0x5e, 0x60, 0x00, 0x3b, 0xee, 0xc5, 0x00, 0x00, 0x00, 0x00, 0x00, 0x00, 0x00, 0x00, 0x7c, 0x00, 0x00, 0x00, 0x00, 0x47, 0x00, 0x00,
    /* U+1EE5 */ 0x0c, 0x70, 0x00, 0xa9, 0x00, 0xc7, 0x00, 0x0a, 0x90, 0x0c, 0x70, 0x00, 0xa9, 0x00, 0xc7, 0x00, 0x0a, 0x90, 0x0c, 0x70, 0x00, 0xa9, 0x00, 0xb8, 0x00, 0x0c, 0x90, 0x08, 0xd2, 0x17, 0xf9, 0x00, 0x1a, 0xed, 0x9a, 0x90, 0x00, 0x00, 0x00, 0x00, 0x00, 0x00, 0x4e, 0x00, 0x00, 0x00, 0x02, 0x80, 0x00, 0x00,
    /* U+1EE6 */ 0x00, 0x02, 0xce, 0x70, 0x00, 0x00, 0x01, 0x24, 0xa0, 0x00, 0x00, 0x00, 0x1b, 0x10, 0x00, 0x00, 0x00, 0x00, 0x00, 0x00, 0x00, 0x00, 0x00, 0x00, 0x00, 0x0c, 0x90, 0x00, 0x05, 0xf0, 0x0c, 0x90, 0x00, 0x05, 0xf0, 0x0c, 0x90, 0x00, 0x05, 0xf0, 0x0c, 0x90, 0x00, 0x05, 0xf0, 0x0c, 0x90, 0x00, 0x05, 0xf0, 0x0c, 0x90, 0x00, 0x05, 0xf0, 0x0b, 0xa0, 0x00, 0x06, 0xf0, 0x09, 0xd0, 0x00, 0x09, 0xc0, 0x02, 0xf8, 0x11, 0x5e, 0x60, 0x00, 0x3b, 0xee, 0xc5, 0x00,
    /* U+1EE7 */ 0x00, 0x0a, 0xea, 0x00, 0x00, 0x00, 0x31, 0xc0, 0x00, 0x00, 0x00, 0xb2, 0x00, 0x00, 0x00, 0x00, 0x00, 0x00, 0x0c, 0x70, 0x00, 0xa9, 0x00, 0xc7, 0x00, 0x0a, 0x90, 0x0c, 0x70, 0x00, 0xa9, 0x00, 0xc7, 0x00, 0x0a, 0x90, 0x0c, 0x70, 0x00, 0xa9, 0x00, 0xb8, 0x00, 0x0c, 0x90, 0x08, 0xd2, 0x17, 0xf9, 0x00, 0x1a, 0xed, 0x9a, 0x90,
    /* U+1EE8 */ 0x00, 0x00, 0x0c, 0x60, 0x00, 0x00, 0x00, 0x00, 0x89, 0x00, 0x00, 0x00, 0x00, 0x00, 0x00, 0x00, 0x00, 0x00, 0x00, 0x00, 0x00, 0x00, 0x00, 0xc1, 0x0c, 0x90, 0x00, 0x06, 0xf1, 0xc2, 0x0c, 0x90, 0x00, 0x06, 0xfd, 0xc0, 0x0c, 0x90, 0x00, 0x06, 0xf0, 0x00, 0x0c, 0x90, 0x00, 0x06, 0xf0, 0x00, 0x0c, 0x90, 0x00, 0x06, 0xf0, 0x00, 0x0c, 0x90, 0x00, 0x06, 0xf0, 0x00, 0x0b, 0x90, 0x00, 0x07, 0xe0, 0x00, 0x09, 0xc0, 0x00, 0x09, 0xc0, 0x00, 0x03, 0xf7, 0x11, 0x5f, 0x50, 0x00, 0x00, 0x3b, 0xee, 0xc5, 0x00, 0x00,
    /* U+1EE9 */ 0x00, 0x00, 0x1e, 0x40, 0x00, 0x00, 0x00, 0xa8, 0x00, 0x00, 0x00, 0x05, 0xc0, 0x00, 0x76, 0x0c, 0x70, 0x00, 0xbc, 0x86, 0x0c, 0x70, 0x00, 0xaf, 0xe2, 0x0c, 0x70, 0x00, 0xa9, 0x00, 0x0c, 0x70, 0x00, 0xa9, 0x00, 0x0c, 0x70, 0x00, 0xa9, 0x00, 0x0b, 0x80, 0x00, 0xc9, 0x00, 0x07, 0xd2, 0x17, 0xf9, 0x00, 0x01, 0x9e, 0xd9, 0xa9, 0x00,
    /* U+1EEA */ 0x00, 0x03, 0xe2, 0x00, 0x00, 0x00, 0x00, 0x00, 0x5b, 0x00, 0x00, 0x00, 0x00, 0x00, 0x00, 0x00, 0x00, 0x00, 0x00, 0x00, 0x00, 0x00, 0x00, 0xc1, 0x0c, 0x90, 0x00, 0x06, 0xf1, 0xc2, 0x0c, 0x90, 0x00, 0x06, 0xfd, 0xc0, 0x0c, 0x90, 0x00, 0x06, 0xf0, 0x00, 0x0c, 0x90, 0x00, 0x06, 0xf0, 0x00, 0x0c, 0x90, 0x00, 0x06, 0xf0, 0x00, 0x0c, 0x90, 0x00, 0x06, 0xf0, 0x00, 0x0b, 0x90, 0x00, 0x07, 0xe0, 0x00, 0x09, 0xc0, 0x00, 0x09, 0xc0, 0x00, 0x03, 0xf7, 0x11, 0x5f, 0x50, 0x00, 0x00, 0x3b, 0xee, 0xc5, 0x00, 0x00,
    /* U+1EEB */ 0x00, 0x9a, 0x00, 0x00, 0x00, 0x00, 0x1d, 0x50, 0x00, 0x00, 0x00, 0x03, 0xd1, 0x00, 0x76, 0x0c, 0x70, 0x00, 0xbc, 0x86, 0x0c, 0x70, 0x00, 0xaf, 0xe2, 0x0c, 0x70, 0x00, 0xa9, 0x00, 0x0c, 0x70, 0x00, 0xa9, 0x00, 0x0c, 0x70, 0x00, 0xa9, 0x00, 0x0b, 0x80, 0x00, 0xc9, 0x00, 0x07, 0xd2, 0x17, 0xf9, 0x00, 0x01, 0x9e, 0xd9, 0xa9, 0x00,
    /* U+1EEC */ 0x00, 0x02, 0xce, 0x70, 0x00, 0x00, 0x00, 0x01, 0x24, 0xa0, 0x00, 0x00, 0x00, 0x00, 0x1b, 0x10, 0x00, 0x00, 0x00, 0x00, 0x00, 0x00, 0x00, 0x00, 0x00, 0x00, 0x00, 0x00, 0x00, 0xc1, 0x0c, 0x90, 0x00, 0x06, 0xf1, 0xc2, 0x0c, 0x90, 0x00, 0x06, 0xfd, 0xc0, 0x0c, 0x90, 0x00, 0x06, 0xf0, 0x00, 0x0c, 0x90, 0x00, 0x06, 0xf0, 0x00, 0x0c, 0x90, 0x00, 0x06, 0xf0, 0x00, 0x0c, 0x90, 0x00, 0x06, 0xf0, 0x00, 0x0b, 0x90, 0x00, 0x07, 0xe0, 0x00, 0x09, 0xc0, 0x00, 0x09, 0xc0, 0x00, 0x03, 0xf7, 0x11, 0x5f, 0x50, 0x00, 0x00, 0x3b, 0xee, 0xc5, 0x00, 0x00,
    /* U+1EED */ 0x00, 0x0a, 0xea, 0x00, 0x00, 0x00, 0x03, 0x1c, 0x00, 0x00, 0x00, 0x00, 0xb2, 0x00, 0x00, 0x00, 0x00, 0x00, 0x00, 0x76, 0x0c, 0x70, 0x00, 0xbc, 0x86, 0x0c, 0x70, 0x00, 0xaf, 0xe2, 0x0c, 0x70, 0x00, 0xa9, 0x00, 0x0c, 0x70, 0x00, 0xa9, 0x00, 0x0c, 0x70, 0x00, 0xa9, 0x00, 0x0b, 0x80, 0x00, 0xc9, 0x00, 0x07, 0xd2, 0x17, 0xf9, 0x00, 0x01, 0x9e, 0xd9, 0xa9, 0x00,
    /* U+1EEE */ 0x00, 0x0a, 0xd5, 0x95, 0x00, 0x00, 0x00, 0x1c, 0x3c, 0xc1, 0x00, 0x00, 0x00, 0x00, 0x00, 0x00, 0x00, 0x00, 0x00, 0x00, 0x00, 0x00, 0x00, 0xc1, 0x0c, 0x90, 0x00, 0x06, 0xf1, 0xc2, 0x0c, 0x90, 0x00, 0x06, 0xfd, 0xc0, 0x0c, 0x90, 0x00, 0x06, 0xf0, 0x00, 0x0c, 0x90, 0x00, 0x06, 0xf0, 0x00, 0x0c, 0x90, 0x00, 0x06, 0xf0, 0x00, 0x0c, 0x90, 0x00, 0x06, 0xf0, 0x00, 0x0b, 0x90, 0x00, 0x07, 0xe0, 0x00, 0x09, 0xc0, 0x00, 0x09, 0xc0, 0x00, 0x03, 0xf7, 0x11, 0x5f, 0x50, 0x00, 0x00, 0x3b, 0xee, 0xc5, 0x00, 0x00,
    /* U+1EEF */ 0x00, 0x6e, 0x65, 0x90, 0x00, 0x00, 0xc2, 0x9e, 0x30, 0x00, 0x00, 0x00, 0x00, 0x00, 0x76, 0x0c, 0x70, 0x00, 0xbc, 0x86, 0x0c, 0x70, 0x00, 0xaf, 0xe2, 0x0c, 0x70, 0x00, 0xa9, 0x00, 0x0c, 0x70, 0x00, 0xa9, 0x00, 0x0c, 0x70, 0x00, 0xa9, 0x00, 0x0b, 0x80, 0x00, 0xc9, 0x00, 0x07, 0xd2, 0x17, 0xf9, 0x00, 0x01, 0x9e, 0xd9, 0xa9, 0x00,
    /* U+1EF0 */ 0x00, 0x00, 0x00, 0x00, 0x00, 0xc1, 0x0c, 0x90, 0x00, 0x06, 0xf1, 0xc2, 0x0c, 0x90, 0x00, 0x06, 0xfd, 0xc0, 0x0c, 0x90, 0x00, 0x06, 0xf0, 0x00, 0x0c, 0x90, 0x00, 0x06, 0xf0, 0x00, 0x0c, 0x90, 0x00, 0x06, 0xf0, 0x00, 0x0c, 0x90, 0x00, 0x06, 0xf0, 0x00, 0x0b, 0x90, 0x00, 0x07, 0xe0, 0x00, 0x09, 0xc0, 0x00, 0x09, 0xc0, 0x00, 0x03, 0xf7, 0x11, 0x5f, 0x50, 0x00, 0x00, 0x3b, 0xee, 0xc5, 0x00, 0x00, 0x00, 0x00, 0x00, 0x00, 0x00, 0x00, 0x00, 0x00, 0x7c, 0x00, 0x00, 0x00, 0x00, 0x00, 0x47, 0x00, 0x00, 0x00,
    /* U+1EF1 */ 0x00, 0x00, 0x00, 0x00, 0x76, 0x0c, 0x70, 0x00, 0xbc, 0x86, 0x0c, 0x70, 0x00, 0xaf, 0xe2, 0x0c, 0x70, 0x00, 0xa9, 0x00, 0x0c, 0x70, 0x00, 0xa9, 0x00, 0x0c, 0x70, 0x00, 0xa9, 0x00, 0x0b, 0x80, 0x00, 0xc9, 0x00, 0x07, 0xd2, 0x17, 0xf9, 0x00, 0x01, 0x9e, 0xd9, 0xa9, 0x00, 0x00, 0x00, 0x00, 0x00, 0x00, 0x00, 0x04, 0xe0, 0x00, 0x00, 0x00, 0x02, 0x80, 0x00, 0x00,
    /* U+1EF2 */ 0x00, 0x01, 0xd3, 0x00, 0x00, 0x00, 0x00, 0x3d, 0x10, 0x00, 0x00, 0x00, 0x00, 0x00, 0x00, 0x00, 0x00, 0x00, 0x00, 0x00, 0x0a, 0xc0, 0x00, 0x04, 0xf4, 0x01, 0xe7, 0x00, 0x1d, 0x80, 0x00, 0x5f, 0x30, 0x9c, 0x00, 0x00, 0x09, 0xc5, 0xf3, 0x00, 0x00, 0x01, 0xdf, 0x70, 0x00, 0x00, 0x00, 0x7f, 0x00, 0x00, 0x00, 0x00, 0x6f, 0x00, 0x00, 0x00, 0x00, 0x6f, 0x00, 0x00, 0x00, 0x00, 0x6f, 0x00, 0x00, 0x00, 0x00, 0x6f, 0x00, 0x00,
    /* U+1EF3 */ 0x04, 0xe2, 0x00, 0x00, 0x00, 0x8a, 0x00, 0x00, 0x00, 0x0b, 0x50, 0x00, 0x6e, 0x00, 0x00, 0xaa, 0x1e, 0x50, 0x01, 0xf4, 0x09, 0xb0, 0x06, 0xe0, 0x03, 0xf1, 0x0c, 0x80, 0x00, 0xc7, 0x3f, 0x20, 0x00, 0x6d, 0x9b, 0x00, 0x00, 0x1f, 0xf6, 0x00, 0x00, 0x0a, 0xe1, 0x00, 0x00, 0x0b, 0x90, 0x00, 0x00, 0x4f, 0x30, 0x00, 0x0d, 0xe7, 0x00, 0x00,
    /* U+1EF4 */ 0x0a, 0xc0, 0x00, 0x04, 0xf4, 0x01, 0xe7, 0x00, 0x1d, 0x80, 0x00, 0x5f, 0x30, 0x9c, 0x00, 0x00, 0x09, 0xc5, 0xf3, 0x00, 0x00, 0x01, 0xdf, 0x70, 0x00, 0x00, 0x00, 0x7f, 0x00, 0x00, 0x00, 0x00, 0x6f, 0x00, 0x00, 0x00, 0x00, 0x6f, 0x00, 0x00, 0x00, 0x00, 0x6f, 0x00, 0x00, 0x00, 0x00, 0x6f, 0x00, 0x00, 0x00, 0x00, 0x00, 0x00, 0x00, 0x00, 0x00, 0x5e, 0x00, 0x00, 0x00, 0x00, 0x38, 0x00, 0x00,
    /* U+1EF5 */ 0x6e, 0x00, 0x00, 0xaa, 0x1e, 0x50, 0x01, 0xf4, 0x09, 0xb0, 0x06, 0xe0, 0x03, 0xf1, 0x0c, 0x80, 0x00, 0xc7, 0x3f, 0x20, 0x00, 0x6d, 0x9b, 0x00, 0x00, 0x1f, 0xf6, 0x00, 0x00, 0x0a, 0xe1, 0x00, 0x00, 0x0b, 0x90, 0x00, 0x00, 0x4f, 0x39, 0xa0, 0x0d, 0xe7, 0x05, 0x60,
    /* U+1EF6 */ 0x00, 0x01, 0xbe, 0x90, 0x00, 0x00, 0x00, 0x22, 0xc0, 0x00, 0x00, 0x00, 0x0b, 0x20, 0x00, 0x00, 0x00, 0x00, 0x00, 0x00, 0x00, 0x00, 0x00, 0x00, 0x00, 0x0a, 0xc0, 0x00, 0x04, 0xf4, 0x01, 0xe7, 0x00, 0x1d, 0x80, 0x00, 0x5f, 0x30, 0x9c, 0x00, 0x00, 0x09, 0xc5, 0xf3, 0x00, 0x00, 0x01, 0xdf, 0x70, 0x00, 0x00, 0x00, 0x7f, 0x00, 0x00, 0x00, 0x00, 0x6f, 0x00, 0x00, 0x00, 0x00, 0x6f, 0x00, 0x00, 0x00, 0x00, 0x6f, 0x00, 0x00, 0x00, 0x00, 0x6f, 0x00, 0x00,
    /* U+1EF7 */ 0x00, 0x2c, 0xe7, 0x00, 0x00, 0x12, 0x3a, 0x00, 0x00, 0x01, 0xb1, 0x00, 0x00, 0x00, 0x00, 0x00, 0x6e, 0x00, 0x00, 0xaa, 0x1e, 0x50, 0x01, 0xf4, 0x09, 0xb0, 0x06, 0xe0, 0x03, 0xf1, 0x0c, 0x80, 0x00, 0xc7, 0x3f, 0x20, 0x00, 0x6d, 0x9b, 0x00, 0x00, 0x1f, 0xf6, 0x00, 0x00, 0x0a, 0xe1, 0x00, 0x00, 0x0b, 0x90, 0x00, 0x00, 0x4f, 0x30, 0x00, 0x0d, 0xe7, 0x00, 0x00,
    /* U+1EF8 */ 0x00, 0x08, 0xe6, 0x77, 0x00, 0x00, 0x0d, 0x2b, 0xd2, 0x00, 0x00, 0x00, 0x00, 0x00, 0x00, 0x00, 0x00, 0x00, 0x00, 0x00, 0x0a, 0xc0, 0x00, 0x04, 0xf4, 0x01, 0xe7, 0x00, 0x1d, 0x80, 0x00, 0x5f, 0x30, 0x9c, 0x00, 0x00, 0x09, 0xc5, 0xf3, 0x00, 0x00, 0x01, 0xdf, 0x70, 0x00, 0x00, 0x00, 0x7f, 0x00, 0x00, 0x00, 0x00, 0x6f, 0x00, 0x00, 0x00, 0x00, 0x6f, 0x00, 0x00, 0x00, 0x00, 0x6f, 0x00, 0x00, 0x00, 0x00, 0x6f, 0x00, 0x00,
    /* U+1EF9 */ 0x00, 0x7e, 0x56, 0x80, 0x00, 0xd1, 0xae, 0x20, 0x00, 0x00, 0x00, 0x00, 0x6e, 0x00, 0x00, 0xaa, 0x1e, 0x50, 0x01, 0xf4, 0x09, 0xb0, 0x06, 0xe0, 0x03, 0xf1, 0x0c, 0x80, 0x00, 0xc7, 0x3f, 0x20, 0x00, 0x6d, 0x9b, 0x00, 0x00, 0x1f, 0xf6, 0x00, 0x00, 0x0a, 0xe1, 0x00, 0x00, 0x0b, 0x90, 0x00, 0x00, 0x4f, 0x30, 0x00, 0x0d, 0xe7, 0x00, 0x00,
};

static const lv_font_fmt_txt_glyph_dsc_t glyph_dsc[] = {
    {.bitmap_index = 0, .adv_w = 0, .box_w = 0, .box_h = 0, .ofs_x = 0, .ofs_y = 0} /* id = 0 reserved */,
    {.bitmap_index = 0, .adv_w = 71, .box_w = 0, .box_h = 0, .ofs_x = 0, .ofs_y = 0}, /* U+0020 */
    {.bitmap_index = 0, .adv_w = 90, .box_w = 6, .box_h = 10, .ofs_x = 0, .ofs_y = 0}, /* U+0021 */
    {.bitmap_index = 30, .adv_w = 103, .box_w = 6, .box_h = 10, .ofs_x = 0, .ofs_y = 0}, /* U+0022 */
    {.bitmap_index = 60, .adv_w = 188, .box_w = 12, .box_h = 10, .ofs_x = 0, .ofs_y = 0}, /* U+0023 */
    {.bitmap_index = 120, .adv_w = 142, .box_w = 9, .box_h = 13, .ofs_x = 0, .ofs_y = -2}, /* U+0024 */
    {.bitmap_index = 179, .adv_w = 213, .box_w = 13, .box_h = 10, .ofs_x = 0, .ofs_y = 0}, /* U+0025 */
    {.bitmap_index = 244, .adv_w = 175, .box_w = 11, .box_h = 10, .ofs_x = 0, .ofs_y = 0}, /* U+0026 */
    {.bitmap_index = 299, .adv_w = 62, .box_w = 4, .box_h = 10, .ofs_x = 0, .ofs_y = 0}, /* U+0027 */
    {.bitmap_index = 319, .adv_w = 88, .box_w = 5, .box_h = 12, .ofs_x = 0, .ofs_y = -1}, /* U+0028 */
    {.bitmap_index = 349, .adv_w = 88, .box_w = 5, .box_h = 12, .ofs_x = 0, .ofs_y = -1}, /* U+0029 */
    {.bitmap_index = 379, .adv_w = 112, .box_w = 7, .box_h = 10, .ofs_x = 0, .ofs_y = 0}, /* U+002A */
    {.bitmap_index = 414, .adv_w = 188, .box_w = 12, .box_h = 9, .ofs_x = 0, .ofs_y = 0}, /* U+002B */
    {.bitmap_index = 468, .adv_w = 71, .box_w = 4, .box_h = 3, .ofs_x = 0, .ofs_y = -1}, /* U+002C */
    {.bitmap_index = 474, .adv_w = 81, .box_w = 5, .box_h = 4, .ofs_x = 0, .ofs_y = 0}, /* U+002D */
    {.bitmap_index = 484, .adv_w = 71, .box_w = 4, .box_h = 2, .ofs_x = 0, .ofs_y = 0}, /* U+002E */
    {.bitmap_index = 488, .adv_w = 76, .box_w = 5, .box_h = 12, .ofs_x = 0, .ofs_y = -2}, /* U+002F */
    {.bitmap_index = 518, .adv_w = 142, .box_w = 9, .box_h = 10, .ofs_x = 0, .ofs_y = 0}, /* U+0030 */
    {.bitmap_index = 563, .adv_w = 142, .box_w = 9, .box_h = 10, .ofs_x = 0, .ofs_y = 0}, /* U+0031 */
    {.bitmap_index = 608, .adv_w = 142, .box_w = 9, .box_h = 10, .ofs_x = 0, .ofs_y = 0}, /* U+0032 */
    {.bitmap_index = 653, .adv_w = 142, .box_w = 9, .box_h = 10, .ofs_x = 0, .ofs_y = 0}, /* U+0033 */
    {.bitmap_index = 698, .adv_w = 142, .box_w = 9, .box_h = 10, .ofs_x = 0, .ofs_y = 0}, /* U+0034 */
    {.bitmap_index = 743, .adv_w = 142, .box_w = 9, .box_h = 10, .ofs_x = 0, .ofs_y = 0}, /* U+0035 */
    {.bitmap_index = 788, .adv_w = 142, .box_w = 9, .box_h = 10, .ofs_x = 0, .ofs_y = 0}, /* U+0036 */
    {.bitmap_index = 833, .adv_w = 142, .box_w = 9, .box_h = 10, .ofs_x = 0, .ofs_y = 0}, /* U+0037 */
    {.bitmap_index = 878, .adv_w = 142, .box_w = 9, .box_h = 10, .ofs_x = 0, .ofs_y = 0}, /* U+0038 */
    {.bitmap_index = 923, .adv_w = 142, .box_w = 9, .box_h = 10, .ofs_x = 0, .ofs_y = 0}, /* U+0039 */
    {.bitmap_index = 968, .adv_w = 76, .box_w = 5, .box_h = 7, .ofs_x = 0, .ofs_y = 0}, /* U+003A */
    {.bitmap_index = 986, .adv_w = 76, .box_w = 5, .box_h = 8, .ofs_x = 0, .ofs_y = -1}, /* U+003B */
    {.bitmap_index = 1006, .adv_w = 188, .box_w = 12, .box_h = 8, .ofs_x = 0, .ofs_y = 0}, /* U+003C */
    {.bitmap_index = 1054, .adv_w = 188, .box_w = 12, .box_h = 7, .ofs_x = 0, .ofs_y = 0}, /* U+003D */
    {.bitmap_index = 1096, .adv_w = 188, .box_w = 12, .box_h = 8, .ofs_x = 0, .ofs_y = 0}, /* U+003E */
    {.bitmap_index = 1144, .adv_w = 119, .box_w = 7, .box_h = 10, .ofs_x = 0, .ofs_y = 0}, /* U+003F */
    {.bitmap_index = 1179, .adv_w = 224, .box_w = 14, .box_h = 12, .ofs_x = 0, .ofs_y = -2}, /* U+0040 */
    {.bitmap_index = 1263, .adv_w = 153, .box_w = 10, .box_h = 10, .ofs_x = 0, .ofs_y = 0}, /* U+0041 */
    {.bitmap_index = 1313, .adv_w = 154, .box_w = 10, .box_h = 10, .ofs_x = 0, .ofs_y = 0}, /* U+0042 */
    {.bitmap_index = 1363, .adv_w = 156, .box_w = 10, .box_h = 10, .ofs_x = 0, .ofs_y = 0}, /* U+0043 */
    {.bitmap_index = 1413, .adv_w = 172, .box_w = 11, .box_h = 10, .ofs_x = 0, .ofs_y = 0}, /* U+0044 */
    {.bitmap_index = 1468, .adv_w = 142, .box_w = 9, .box_h = 10, .ofs_x = 0, .ofs_y = 0}, /* U+0045 */
    {.bitmap_index = 1513, .adv_w = 129, .box_w = 8, .box_h = 10, .ofs_x = 0, .ofs_y = 0}, /* U+0046 */
    {.bitmap_index = 1553, .adv_w = 174, .box_w = 11, .box_h = 10, .ofs_x = 0, .ofs_y = 0}, /* U+0047 */
    {.bitmap_index = 1608, .adv_w = 168, .box_w = 11, .box_h = 10, .ofs_x = 0, .ofs_y = 0}, /* U+0048 */
    {.bitmap_index = 1663, .adv_w = 66, .box_w = 4, .box_h = 10, .ofs_x = 0, .ofs_y = 0}, /* U+0049 */
    {.bitmap_index = 1683, .adv_w = 66, .box_w = 5, .box_h = 13, .ofs_x = -1, .ofs_y = -3}, /* U+004A */
    {.bitmap_index = 1716, .adv_w = 147, .box_w = 10, .box_h = 10, .ofs_x = 0, .ofs_y = 0}, /* U+004B */
    {.bitmap_index = 1766, .adv_w = 125, .box_w = 8, .box_h = 10, .ofs_x = 0, .ofs_y = 0}, /* U+004C */
    {.bitmap_index = 1806, .adv_w = 193, .box_w = 12, .box_h = 10, .ofs_x = 0, .ofs_y = 0}, /* U+004D */
    {.bitmap_index = 1866, .adv_w = 168, .box_w = 10, .box_h = 10, .ofs_x = 0, .ofs_y = 0}, /* U+004E */
    {.bitmap_index = 1916, .adv_w = 176, .box_w = 11, .box_h = 10, .ofs_x = 0, .ofs_y = 0}, /* U+004F */
    {.bitmap_index = 1971, .adv_w = 135, .box_w = 8, .box_h = 10, .ofs_x = 0, .ofs_y = 0}, /* U+0050 */
    {.bitmap_index = 2011, .adv_w = 176, .box_w = 11, .box_h = 12, .ofs_x = 0, .ofs_y = -2}, /* U+0051 */
    {.bitmap_index = 2077, .adv_w = 156, .box_w = 10, .box_h = 10, .ofs_x = 0, .ofs_y = 0}, /* U+0052 */
    {.bitmap_index = 2127, .adv_w = 142, .box_w = 9, .box_h = 10, .ofs_x = 0, .ofs_y = 0}, /* U+0053 */
    {.bitmap_index = 2172, .adv_w = 137, .box_w = 10, .box_h = 10, .ofs_x = -1, .ofs_y = 0}, /* U+0054 */
    {.bitmap_index = 2222, .adv_w = 164, .box_w = 10, .box_h = 10, .ofs_x = 0, .ofs_y = 0}, /* U+0055 */
    {.bitmap_index = 2272, .adv_w = 153, .box_w = 10, .box_h = 10, .ofs_x = 0, .ofs_y = 0}, /* U+0056 */
    {.bitmap_index = 2322, .adv_w = 222, .box_w = 14, .box_h = 10, .ofs_x = 0, .ofs_y = 0}, /* U+0057 */
    {.bitmap_index = 2392, .adv_w = 154, .box_w = 10, .box_h = 10, .ofs_x = 0, .ofs_y = 0}, /* U+0058 */
    {.bitmap_index = 2442, .adv_w = 137, .box_w = 10, .box_h = 10, .ofs_x = -1, .ofs_y = 0}, /* U+0059 */
    {.bitmap_index = 2492, .adv_w = 154, .box_w = 10, .box_h = 10, .ofs_x = 0, .ofs_y = 0}, /* U+005A */
    {.bitmap_index = 2542, .adv_w = 88, .box_w = 5, .box_h = 12, .ofs_x = 0, .ofs_y = -1}, /* U+005B */
    {.bitmap_index = 2572, .adv_w = 76, .box_w = 5, .box_h = 12, .ofs_x = 0, .ofs_y = -2}, /* U+005C */
    {.bitmap_index = 2602, .adv_w = 88, .box_w = 5, .box_h = 12, .ofs_x = 0, .ofs_y = -1}, /* U+005D */
    {.bitmap_index = 2632, .adv_w = 188, .box_w = 12, .box_h = 10, .ofs_x = 0, .ofs_y = 0}, /* U+005E */
    {.bitmap_index = 2692, .adv_w = 112, .box_w = 9, .box_h = 3, .ofs_x = -1, .ofs_y = -3}, /* U+005F */
    {.bitmap_index = 2706, .adv_w = 112, .box_w = 7, .box_h = 11, .ofs_x = 0, .ofs_y = 0}, /* U+0060 */
    {.bitmap_index = 2745, .adv_w = 137, .box_w = 9, .box_h = 8, .ofs_x = 0, .ofs_y = 0}, /* U+0061 */
    {.bitmap_index = 2781, .adv_w = 142, .box_w = 9, .box_h = 11, .ofs_x = 0, .ofs_y = 0}, /* U+0062 */
    {.bitmap_index = 2831, .adv_w = 123, .box_w = 8, .box_h = 8, .ofs_x = 0, .ofs_y = 0}, /* U+0063 */
    {.bitmap_index = 2863, .adv_w = 142, .box_w = 9, .box_h = 11, .ofs_x = 0, .ofs_y = 0}, /* U+0064 */
    {.bitmap_index = 2913, .adv_w = 138, .box_w = 9, .box_h = 8, .ofs_x = 0, .ofs_y = 0}, /* U+0065 */
    {.bitmap_index = 2949, .adv_w = 79, .box_w = 6, .box_h = 11, .ofs_x = 0, .ofs_y = 0}, /* U+0066 */
    {.bitmap_index = 2982, .adv_w = 142, .box_w = 9, .box_h = 11, .ofs_x = 0, .ofs_y = -3}, /* U+0067 */
    {.bitmap_index = 3032, .adv_w = 142, .box_w = 9, .box_h = 11, .ofs_x = 0, .ofs_y = 0}, /* U+0068 */
    {.bitmap_index = 3082, .adv_w = 62, .box_w = 4, .box_h = 11, .ofs_x = 0, .ofs_y = 0}, /* U+0069 */
    {.bitmap_index = 3104, .adv_w = 62, .box_w = 5, .box_h = 14, .ofs_x = -1, .ofs_y = -3}, /* U+006A */
    {.bitmap_index = 3139, .adv_w = 130, .box_w = 9, .box_h = 11, .ofs_x = 0, .ofs_y = 0}, /* U+006B */
    {.bitmap_index = 3189, .adv_w = 62, .box_w = 4, .box_h = 11, .ofs_x = 0, .ofs_y = 0}, /* U+006C */
    {.bitmap_index = 3211, .adv_w = 218, .box_w = 14, .box_h = 8, .ofs_x = 0, .ofs_y = 0}, /* U+006D */
    {.bitmap_index = 3267, .adv_w = 142, .box_w = 9, .box_h = 8, .ofs_x = 0, .ofs_y = 0}, /* U+006E */
    {.bitmap_index = 3303, .adv_w = 137, .box_w = 9, .box_h = 8, .ofs_x = 0, .ofs_y = 0}, /* U+006F */
    {.bitmap_index = 3339, .adv_w = 142, .box_w = 9, .box_h = 11, .ofs_x = 0, .ofs_y = -3}, /* U+0070 */
    {.bitmap_index = 3389, .adv_w = 142, .box_w = 9, .box_h = 11, .ofs_x = 0, .ofs_y = -3}, /* U+0071 */
    {.bitmap_index = 3439, .adv_w = 92, .box_w = 6, .box_h = 8, .ofs_x = 0, .ofs_y = 0}, /* U+0072 */
    {.bitmap_index = 3463, .adv_w = 117, .box_w = 7, .box_h = 8, .ofs_x = 0, .ofs_y = 0}, /* U+0073 */
    {.bitmap_index = 3491, .adv_w = 88, .box_w = 6, .box_h = 10, .ofs_x = 0, .ofs_y = 0}, /* U+0074 */
    {.bitmap_index = 3521, .adv_w = 142, .box_w = 9, .box_h = 8, .ofs_x = 0, .ofs_y = 0}, /* U+0075 */
    {.bitmap_index = 3557, .adv_w = 132, .box_w = 8, .box_h = 8, .ofs_x = 0, .ofs_y = 0}, /* U+0076 */
    {.bitmap_index = 3589, .adv_w = 183, .box_w = 11, .box_h = 8, .ofs_x = 0, .ofs_y = 0}, /* U+0077 */
    {.bitmap_index = 3633, .adv_w = 132, .box_w = 8, .box_h = 8, .ofs_x = 0, .ofs_y = 0}, /* U+0078 */
    {.bitmap_index = 3665, .adv_w = 132, .box_w = 8, .box_h = 11, .ofs_x = 0, .ofs_y = -3}, /* U+0079 */
    {.bitmap_index = 3709, .adv_w = 118, .box_w = 7, .box_h = 8, .ofs_x = 0, .ofs_y = 0}, /* U+007A */
    {.bitmap_index = 3737, .adv_w = 142, .box_w = 9, .box_h = 13, .ofs_x = 0, .ofs_y = -2}, /* U+007B */
    {.bitmap_index = 3796, .adv_w = 76, .box_w = 5, .box_h = 14, .ofs_x = 0, .ofs_y = -3}, /* U+007C */
    {.bitmap_index = 3831, .adv_w = 142, .box_w = 9, .box_h = 13, .ofs_x = 0, .ofs_y = -2}, /* U+007D */
    {.bitmap_index = 3890, .adv_w = 188, .box_w = 12, .box_h = 6, .ofs_x = 0, .ofs_y = 0}, /* U+007E */
    {.bitmap_index = 3926, .adv_w = 153, .box_w = 10, .box_h = 14, .ofs_x = 0, .ofs_y = 0}, /* U+00C0 */
    {.bitmap_index = 3996, .adv_w = 153, .box_w = 10, .box_h = 14, .ofs_x = 0, .ofs_y = 0}, /* U+00C1 */
    {.bitmap_index = 4066, .adv_w = 153, .box_w = 10, .box_h = 14, .ofs_x = 0, .ofs_y = 0}, /* U+00C2 */
    {.bitmap_index = 4136, .adv_w = 153, .box_w = 10, .box_h = 14, .ofs_x = 0, .ofs_y = 0}, /* U+00C3 */
    {.bitmap_index = 4206, .adv_w = 153, .box_w = 10, .box_h = 13, .ofs_x = 0, .ofs_y = 0}, /* U+00C4 */
    {.bitmap_index = 4271, .adv_w = 153, .box_w = 10, .box_h = 13, .ofs_x = 0, .ofs_y = 0}, /* U+00C5 */
    {.bitmap_index = 4336, .adv_w = 218, .box_w = 14, .box_h = 10, .ofs_x = 0, .ofs_y = 0}, /* U+00C6 */
    {.bitmap_index = 4406, .adv_w = 156, .box_w = 10, .box_h = 13, .ofs_x = 0, .ofs_y = -3}, /* U+00C7 */
    {.bitmap_index = 4471, .adv_w = 142, .box_w = 9, .box_h = 14, .ofs_x = 0, .ofs_y = 0}, /* U+00C8 */
    {.bitmap_index = 4534, .adv_w = 142, .box_w = 9, .box_h = 14, .ofs_x = 0, .ofs_y = 0}, /* U+00C9 */
    {.bitmap_index = 4597, .adv_w = 142, .box_w = 9, .box_h = 14, .ofs_x = 0, .ofs_y = 0}, /* U+00CA */
    {.bitmap_index = 4660, .adv_w = 142, .box_w = 9, .box_h = 13, .ofs_x = 0, .ofs_y = 0}, /* U+00CB */
    {.bitmap_index = 4719, .adv_w = 66, .box_w = 4, .box_h = 14, .ofs_x = 0, .ofs_y = 0}, /* U+00CC */
    {.bitmap_index = 4747, .adv_w = 66, .box_w = 4, .box_h = 14, .ofs_x = 0, .ofs_y = 0}, /* U+00CD */
    {.bitmap_index = 4775, .adv_w = 66, .box_w = 5, .box_h = 14, .ofs_x = 0, .ofs_y = 0}, /* U+00CE */
    {.bitmap_index = 4810, .adv_w = 66, .box_w = 5, .box_h = 13, .ofs_x = 0, .ofs_y = 0}, /* U+00CF */
    {.bitmap_index = 4843, .adv_w = 174, .box_w = 11, .box_h = 10, .ofs_x = 0, .ofs_y = 0}, /* U+00D0 */
    {.bitmap_index = 4898, .adv_w = 168, .box_w = 10, .box_h = 14, .ofs_x = 0, .ofs_y = 0}, /* U+00D1 */
    {.bitmap_index = 4968, .adv_w = 176, .box_w = 11, .box_h = 14, .ofs_x = 0, .ofs_y = 0}, /* U+00D2 */
    {.bitmap_index = 5045, .adv_w = 176, .box_w = 11, .box_h = 14, .ofs_x = 0, .ofs_y = 0}, /* U+00D3 */
    {.bitmap_index = 5122, .adv_w = 176, .box_w = 11, .box_h = 14, .ofs_x = 0, .ofs_y = 0}, /* U+00D4 */
    {.bitmap_index = 5199, .adv_w = 176, .box_w = 11, .box_h = 14, .ofs_x = 0, .ofs_y = 0}, /* U+00D5 */
    {.bitmap_index = 5276, .adv_w = 176, .box_w = 11, .box_h = 13, .ofs_x = 0, .ofs_y = 0}, /* U+00D6 */
    {.bitmap_index = 5348, .adv_w = 188, .box_w = 12, .box_h = 8, .ofs_x = 0, .ofs_y = 0}, /* U+00D7 */
    {.bitmap_index = 5396, .adv_w = 176, .box_w = 11, .box_h = 12, .ofs_x = 0, .ofs_y = -1}, /* U+00D8 */
    {.bitmap_index = 5462, .adv_w = 164, .box_w = 10, .box_h = 14, .ofs_x = 0, .ofs_y = 0}, /* U+00D9 */
    {.bitmap_index = 5532, .adv_w = 164, .box_w = 10, .box_h = 14, .ofs_x = 0, .ofs_y = 0}, /* U+00DA */
    {.bitmap_index = 5602, .adv_w = 164, .box_w = 10, .box_h = 14, .ofs_x = 0, .ofs_y = 0}, /* U+00DB */
    {.bitmap_index = 5672, .adv_w = 164, .box_w = 10, .box_h = 13, .ofs_x = 0, .ofs_y = 0}, /* U+00DC */
    {.bitmap_index = 5737, .adv_w = 137, .box_w = 10, .box_h = 14, .ofs_x = -1, .ofs_y = 0}, /* U+00DD */
    {.bitmap_index = 5807, .adv_w = 136, .box_w = 8, .box_h = 10, .ofs_x = 0, .ofs_y = 0}, /* U+00DE */
    {.bitmap_index = 5847, .adv_w = 141, .box_w = 9, .box_h = 11, .ofs_x = 0, .ofs_y = 0}, /* U+00DF */
    {.bitmap_index = 5897, .adv_w = 137, .box_w = 9, .box_h = 11, .ofs_x = 0, .ofs_y = 0}, /* U+00E0 */
    {.bitmap_index = 5947, .adv_w = 137, .box_w = 9, .box_h = 11, .ofs_x = 0, .ofs_y = 0}, /* U+00E1 */
    {.bitmap_index = 5997, .adv_w = 137, .box_w = 9, .box_h = 11, .ofs_x = 0, .ofs_y = 0}, /* U+00E2 */
    {.bitmap_index = 6047, .adv_w = 137, .box_w = 9, .box_h = 11, .ofs_x = 0, .ofs_y = 0}, /* U+00E3 */
    {.bitmap_index = 6097, .adv_w = 137, .box_w = 9, .box_h = 11, .ofs_x = 0, .ofs_y = 0}, /* U+00E4 */
    {.bitmap_index = 6147, .adv_w = 137, .box_w = 9, .box_h = 13, .ofs_x = 0, .ofs_y = 0}, /* U+00E5 */
    {.bitmap_index = 6206, .adv_w = 220, .box_w = 14, .box_h = 8, .ofs_x = 0, .ofs_y = 0}, /* U+00E6 */
    {.bitmap_index = 6262, .adv_w = 123, .box_w = 8, .box_h = 11, .ofs_x = 0, .ofs_y = -3}, /* U+00E7 */
    {.bitmap_index = 6306, .adv_w = 138, .box_w = 9, .box_h = 11, .ofs_x = 0, .ofs_y = 0}, /* U+00E8 */
    {.bitmap_index = 6356, .adv_w = 138, .box_w = 9, .box_h = 11, .ofs_x = 0, .ofs_y = 0}, /* U+00E9 */
    {.bitmap_index = 6406, .adv_w = 138, .box_w = 9, .box_h = 11, .ofs_x = 0, .ofs_y = 0}, /* U+00EA */
    {.bitmap_index = 6456, .adv_w = 138, .box_w = 9, .box_h = 11, .ofs_x = 0, .ofs_y = 0}, /* U+00EB */
    {.bitmap_index = 6506, .adv_w = 62, .box_w = 5, .box_h = 11, .ofs_x = -1, .ofs_y = 0}, /* U+00EC */
    {.bitmap_index = 6534, .adv_w = 62, .box_w = 5, .box_h = 11, .ofs_x = 0, .ofs_y = 0}, /* U+00ED */
    {.bitmap_index = 6562, .adv_w = 62, .box_w = 6, .box_h = 11, .ofs_x = -1, .ofs_y = 0}, /* U+00EE */
    {.bitmap_index = 6595, .adv_w = 62, .box_w = 5, .box_h = 11, .ofs_x = -1, .ofs_y = 0}, /* U+00EF */
    {.bitmap_index = 6623, .adv_w = 137, .box_w = 9, .box_h = 11, .ofs_x = 0, .ofs_y = 0}, /* U+00F0 */
    {.bitmap_index = 6673, .adv_w = 142, .box_w = 9, .box_h = 11, .ofs_x = 0, .ofs_y = 0}, /* U+00F1 */
    {.bitmap_index = 6723, .adv_w = 137, .box_w = 9, .box_h = 11, .ofs_x = 0, .ofs_y = 0}, /* U+00F2 */
    {.bitmap_index = 6773, .adv_w = 137, .box_w = 9, .box_h = 11, .ofs_x = 0, .ofs_y = 0}, /* U+00F3 */
    {.bitmap_index = 6823, .adv_w = 137, .box_w = 9, .box_h = 11, .ofs_x = 0, .ofs_y = 0}, /* U+00F4 */
    {.bitmap_index = 6873, .adv_w = 137, .box_w = 9, .box_h = 11, .ofs_x = 0, .ofs_y = 0}, /* U+00F5 */
    {.bitmap_index = 6923, .adv_w = 137, .box_w = 9, .box_h = 11, .ofs_x = 0, .ofs_y = 0}, /* U+00F6 */
    {.bitmap_index = 6973, .adv_w = 188, .box_w = 12, .box_h = 8, .ofs_x = 0, .ofs_y = 0}, /* U+00F7 */
    {.bitmap_index = 7021, .adv_w = 137, .box_w = 9, .box_h = 10, .ofs_x = 0, .ofs_y = -1}, /* U+00F8 */
    {.bitmap_index = 7066, .adv_w = 142, .box_w = 9, .box_h = 11, .ofs_x = 0, .ofs_y = 0}, /* U+00F9 */
    {.bitmap_index = 7116, .adv_w = 142, .box_w = 9, .box_h = 11, .ofs_x = 0, .ofs_y = 0}, /* U+00FA */
    {.bitmap_index = 7166, .adv_w = 142, .box_w = 9, .box_h = 11, .ofs_x = 0, .ofs_y = 0}, /* U+00FB */
    {.bitmap_index = 7216, .adv_w = 142, .box_w = 9, .box_h = 11, .ofs_x = 0, .ofs_y = 0}, /* U+00FC */
    {.bitmap_index = 7266, .adv_w = 132, .box_w = 8, .box_h = 14, .ofs_x = 0, .ofs_y = -3}, /* U+00FD */
    {.bitmap_index = 7322, .adv_w = 142, .box_w = 9, .box_h = 14, .ofs_x = 0, .ofs_y = -3}, /* U+00FE */
    {.bitmap_index = 7385, .adv_w = 132, .box_w = 8, .box_h = 14, .ofs_x = 0, .ofs_y = -3}, /* U+00FF */
    {.bitmap_index = 7441, .adv_w = 153, .box_w = 10, .box_h = 13, .ofs_x = 0, .ofs_y = 0}, /* U+0102 */
    {.bitmap_index = 7506, .adv_w = 137, .box_w = 9, .box_h = 11, .ofs_x = 0, .ofs_y = 0}, /* U+0103 */
    {.bitmap_index = 7556, .adv_w = 174, .box_w = 11, .box_h = 10, .ofs_x = 0, .ofs_y = 0}, /* U+0110 */
    {.bitmap_index = 7611, .adv_w = 142, .box_w = 9, .box_h = 11, .ofs_x = 0, .ofs_y = 0}, /* U+0111 */
    {.bitmap_index = 7661, .adv_w = 66, .box_w = 6, .box_h = 14, .ofs_x = -1, .ofs_y = 0}, /* U+0128 */
    {.bitmap_index = 7703, .adv_w = 62, .box_w = 6, .box_h = 11, .ofs_x = -1, .ofs_y = 0}, /* U+0129 */
    {.bitmap_index = 7736, .adv_w = 164, .box_w = 10, .box_h = 14, .ofs_x = 0, .ofs_y = 0}, /* U+0168 */
    {.bitmap_index = 7806, .adv_w = 142, .box_w = 9, .box_h = 11, .ofs_x = 0, .ofs_y = 0}, /* U+0169 */
    {.bitmap_index = 7856, .adv_w = 204, .box_w = 13, .box_h = 11, .ofs_x = 0, .ofs_y = 0}, /* U+01A0 */
    {.bitmap_index = 7928, .adv_w = 137, .box_w = 9, .box_h = 9, .ofs_x = 0, .ofs_y = 0}, /* U+01A1 */
    {.bitmap_index = 7969, .adv_w = 192, .box_w = 12, .box_h = 11, .ofs_x = 0, .ofs_y = 0}, /* U+01AF */
    {.bitmap_index = 8035, .adv_w = 142, .box_w = 10, .box_h = 9, .ofs_x = 0, .ofs_y = 0}, /* U+01B0 */
    {.bitmap_index = 8080, .adv_w = 153, .box_w = 10, .box_h = 13, .ofs_x = 0, .ofs_y = -3}, /* U+1EA0 */
    {.bitmap_index = 8145, .adv_w = 137, .box_w = 9, .box_h = 11, .ofs_x = 0, .ofs_y = -3}, /* U+1EA1 */
    {.bitmap_index = 8195, .adv_w = 153, .box_w = 10, .box_h = 15, .ofs_x = 0, .ofs_y = 0}, /* U+1EA2 */
    {.bitmap_index = 8270, .adv_w = 137, .box_w = 9, .box_h = 12, .ofs_x = 0, .ofs_y = 0}, /* U+1EA3 */
    {.bitmap_index = 8324, .adv_w = 153, .box_w = 10, .box_h = 15, .ofs_x = 0, .ofs_y = 0}, /* U+1EA4 */
    {.bitmap_index = 8399, .adv_w = 137, .box_w = 9, .box_h = 12, .ofs_x = 0, .ofs_y = 0}, /* U+1EA5 */
    {.bitmap_index = 8453, .adv_w = 153, .box_w = 10, .box_h = 15, .ofs_x = 0, .ofs_y = 0}, /* U+1EA6 */
    {.bitmap_index = 8528, .adv_w = 137, .box_w = 9, .box_h = 12, .ofs_x = 0, .ofs_y = 0}, /* U+1EA7 */
    {.bitmap_index = 8582, .adv_w = 153, .box_w = 10, .box_h = 15, .ofs_x = 0, .ofs_y = 0}, /* U+1EA8 */
    {.bitmap_index = 8657, .adv_w = 137, .box_w = 9, .box_h = 12, .ofs_x = 0, .ofs_y = 0}, /* U+1EA9 */
    {.bitmap_index = 8711, .adv_w = 153, .box_w = 10, .box_h = 15, .ofs_x = 0, .ofs_y = 0}, /* U+1EAA */
    {.bitmap_index = 8786, .adv_w = 137, .box_w = 9, .box_h = 12, .ofs_x = 0, .ofs_y = 0}, /* U+1EAB */
    {.bitmap_index = 8840, .adv_w = 153, .box_w = 10, .box_h = 17, .ofs_x = 0, .ofs_y = -3}, /* U+1EAC */
    {.bitmap_index = 8925, .adv_w = 137, .box_w = 9, .box_h = 14, .ofs_x = 0, .ofs_y = -3}, /* U+1EAD */
    {.bitmap_index = 8988, .adv_w = 153, .box_w = 10, .box_h = 15, .ofs_x = 0, .ofs_y = 0}, /* U+1EAE */
    {.bitmap_index = 9063, .adv_w = 137, .box_w = 9, .box_h = 13, .ofs_x = 0, .ofs_y = 0}, /* U+1EAF */
    {.bitmap_index = 9122, .adv_w = 153, .box_w = 10, .box_h = 15, .ofs_x = 0, .ofs_y = 0}, /* U+1EB0 */
    {.bitmap_index = 9197, .adv_w = 137, .box_w = 9, .box_h = 13, .ofs_x = 0, .ofs_y = 0}, /* U+1EB1 */
    {.bitmap_index = 9256, .adv_w = 153, .box_w = 10, .box_h = 16, .ofs_x = 0, .ofs_y = 0}, /* U+1EB2 */
    {.bitmap_index = 9336, .adv_w = 137, .box_w = 9, .box_h = 14, .ofs_x = 0, .ofs_y = 0}, /* U+1EB3 */
    {.bitmap_index = 9399, .adv_w = 153, .box_w = 10, .box_h = 15, .ofs_x = 0, .ofs_y = 0}, /* U+1EB4 */
    {.bitmap_index = 9474, .adv_w = 137, .box_w = 9, .box_h = 13, .ofs_x = 0, .ofs_y = 0}, /* U+1EB5 */
    {.bitmap_index = 9533, .adv_w = 153, .box_w = 10, .box_h = 16, .ofs_x = 0, .ofs_y = -3}, /* U+1EB6 */
    {.bitmap_index = 9613, .adv_w = 137, .box_w = 9, .box_h = 14, .ofs_x = 0, .ofs_y = -3}, /* U+1EB7 */
    {.bitmap_index = 9676, .adv_w = 142, .box_w = 9, .box_h = 13, .ofs_x = 0, .ofs_y = -3}, /* U+1EB8 */
    {.bitmap_index = 9735, .adv_w = 138, .box_w = 9, .box_h = 11, .ofs_x = 0, .ofs_y = -3}, /* U+1EB9 */
    {.bitmap_index = 9785, .adv_w = 142, .box_w = 9, .box_h = 15, .ofs_x = 0, .ofs_y = 0}, /* U+1EBA */
    {.bitmap_index = 9853, .adv_w = 138, .box_w = 9, .box_h = 12, .ofs_x = 0, .ofs_y = 0}, /* U+1EBB */
    {.bitmap_index = 9907, .adv_w = 142, .box_w = 9, .box_h = 14, .ofs_x = 0, .ofs_y = 0}, /* U+1EBC */
    {.bitmap_index = 9970, .adv_w = 138, .box_w = 9, .box_h = 11, .ofs_x = 0, .ofs_y = 0}, /* U+1EBD */
    {.bitmap_index = 10020, .adv_w = 142, .box_w = 9, .box_h = 15, .ofs_x = 0, .ofs_y = 0}, /* U+1EBE */
    {.bitmap_index = 10088, .adv_w = 138, .box_w = 9, .box_h = 12, .ofs_x = 0, .ofs_y = 0}, /* U+1EBF */
    {.bitmap_index = 10142, .adv_w = 142, .box_w = 9, .box_h = 15, .ofs_x = 0, .ofs_y = 0}, /* U+1EC0 */
    {.bitmap_index = 10210, .adv_w = 138, .box_w = 9, .box_h = 12, .ofs_x = 0, .ofs_y = 0}, /* U+1EC1 */
    {.bitmap_index = 10264, .adv_w = 142, .box_w = 9, .box_h = 15, .ofs_x = 0, .ofs_y = 0}, /* U+1EC2 */
    {.bitmap_index = 10332, .adv_w = 138, .box_w = 9, .box_h = 12, .ofs_x = 0, .ofs_y = 0}, /* U+1EC3 */
    {.bitmap_index = 10386, .adv_w = 142, .box_w = 9, .box_h = 15, .ofs_x = 0, .ofs_y = 0}, /* U+1EC4 */
    {.bitmap_index = 10454, .adv_w = 138, .box_w = 9, .box_h = 12, .ofs_x = 0, .ofs_y = 0}, /* U+1EC5 */
    {.bitmap_index = 10508, .adv_w = 142, .box_w = 9, .box_h = 17, .ofs_x = 0, .ofs_y = -3}, /* U+1EC6 */
    {.bitmap_index = 10585, .adv_w = 138, .box_w = 9, .box_h = 14, .ofs_x = 0, .ofs_y = -3}, /* U+1EC7 */
    {.bitmap_index = 10648, .adv_w = 66, .box_w = 4, .box_h = 15, .ofs_x = 0, .ofs_y = 0}, /* U+1EC8 */
    {.bitmap_index = 10678, .adv_w = 62, .box_w = 4, .box_h = 12, .ofs_x = 0, .ofs_y = 0}, /* U+1EC9 */
    {.bitmap_index = 10702, .adv_w = 66, .box_w = 4, .box_h = 13, .ofs_x = 0, .ofs_y = -3}, /* U+1ECA */
    {.bitmap_index = 10728, .adv_w = 62, .box_w = 4, .box_h = 14, .ofs_x = 0, .ofs_y = -3}, /* U+1ECB */
    {.bitmap_index = 10756, .adv_w = 176, .box_w = 11, .box_h = 13, .ofs_x = 0, .ofs_y = -3}, /* U+1ECC */
    {.bitmap_index = 10828, .adv_w = 137, .box_w = 9, .box_h = 11, .ofs_x = 0, .ofs_y = -3}, /* U+1ECD */
    {.bitmap_index = 10878, .adv_w = 176, .box_w = 11, .box_h = 15, .ofs_x = 0, .ofs_y = 0}, /* U+1ECE */
    {.bitmap_index = 10961, .adv_w = 137, .box_w = 9, .box_h = 12, .ofs_x = 0, .ofs_y = 0}, /* U+1ECF */
    {.bitmap_index = 11015, .adv_w = 176, .box_w = 11, .box_h = 15, .ofs_x = 0, .ofs_y = 0}, /* U+1ED0 */
    {.bitmap_index = 11098, .adv_w = 137, .box_w = 9, .box_h = 12, .ofs_x = 0, .ofs_y = 0}, /* U+1ED1 */
    {.bitmap_index = 11152, .adv_w = 176, .box_w = 11, .box_h = 15, .ofs_x = 0, .ofs_y = 0}, /* U+1ED2 */
    {.bitmap_index = 11235, .adv_w = 137, .box_w = 9, .box_h = 12, .ofs_x = 0, .ofs_y = 0}, /* U+1ED3 */
    {.bitmap_index = 11289, .adv_w = 176, .box_w = 11, .box_h = 15, .ofs_x = 0, .ofs_y = 0}, /* U+1ED4 */
    {.bitmap_index = 11372, .adv_w = 137, .box_w = 9, .box_h = 12, .ofs_x = 0, .ofs_y = 0}, /* U+1ED5 */
    {.bitmap_index = 11426, .adv_w = 176, .box_w = 11, .box_h = 15, .ofs_x = 0, .ofs_y = 0}, /* U+1ED6 */
    {.bitmap_index = 11509, .adv_w = 137, .box_w = 9, .box_h = 12, .ofs_x = 0, .ofs_y = 0}, /* U+1ED7 */
    {.bitmap_index = 11563, .adv_w = 176, .box_w = 11, .box_h = 17, .ofs_x = 0, .ofs_y = -3}, /* U+1ED8 */
    {.bitmap_index = 11657, .adv_w = 137, .box_w = 9, .box_h = 14, .ofs_x = 0, .ofs_y = -3}, /* U+1ED9 */
    {.bitmap_index = 11720, .adv_w = 204, .box_w = 13, .box_h = 14, .ofs_x = 0, .ofs_y = 0}, /* U+1EDA */
    {.bitmap_index = 11811, .adv_w = 137, .box_w = 9, .box_h = 11, .ofs_x = 0, .ofs_y = 0}, /* U+1EDB */
    {.bitmap_index = 11861, .adv_w = 204, .box_w = 13, .box_h = 14, .ofs_x = 0, .ofs_y = 0}, /* U+1EDC */
    {.bitmap_index = 11952, .adv_w = 137, .box_w = 9, .box_h = 11, .ofs_x = 0, .ofs_y = 0}, /* U+1EDD */
    {.bitmap_index = 12002, .adv_w = 204, .box_w = 13, .box_h = 15, .ofs_x = 0, .ofs_y = 0}, /* U+1EDE */
    {.bitmap_index = 12100, .adv_w = 137, .box_w = 9, .box_h = 12, .ofs_x = 0, .ofs_y = 0}, /* U+1EDF */
    {.bitmap_index = 12154, .adv_w = 204, .box_w = 13, .box_h = 14, .ofs_x = 0, .ofs_y = 0}, /* U+1EE0 */
    {.bitmap_index = 12245, .adv_w = 137, .box_w = 9, .box_h = 11, .ofs_x = 0, .ofs_y = 0}, /* U+1EE1 */
    {.bitmap_index = 12295, .adv_w = 204, .box_w = 13, .box_h = 14, .ofs_x = 0, .ofs_y = -3}, /* U+1EE2 */
    {.bitmap_index = 12386, .adv_w = 137, .box_w = 9, .box_h = 12, .ofs_x = 0, .ofs_y = -3}, /* U+1EE3 */
    {.bitmap_index = 12440, .adv_w = 164, .box_w = 10, .box_h = 13, .ofs_x = 0, .ofs_y = -3}, /* U+1EE4 */
    {.bitmap_index = 12505, .adv_w = 142, .box_w = 9, .box_h = 11, .ofs_x = 0, .ofs_y = -3}, /* U+1EE5 */
    {.bitmap_index = 12555, .adv_w = 164, .box_w = 10, .box_h = 15, .ofs_x = 0, .ofs_y = 0}, /* U+1EE6 */
    {.bitmap_index = 12630, .adv_w = 142, .box_w = 9, .box_h = 12, .ofs_x = 0, .ofs_y = 0}, /* U+1EE7 */
    {.bitmap_index = 12684, .adv_w = 192, .box_w = 12, .box_h = 14, .ofs_x = 0, .ofs_y = 0}, /* U+1EE8 */
    {.bitmap_index = 12768, .adv_w = 142, .box_w = 10, .box_h = 11, .ofs_x = 0, .ofs_y = 0}, /* U+1EE9 */
    {.bitmap_index = 12823, .adv_w = 192, .box_w = 12, .box_h = 14, .ofs_x = 0, .ofs_y = 0}, /* U+1EEA */
    {.bitmap_index = 12907, .adv_w = 142, .box_w = 10, .box_h = 11, .ofs_x = 0, .ofs_y = 0}, /* U+1EEB */
    {.bitmap_index = 12962, .adv_w = 192, .box_w = 12, .box_h = 15, .ofs_x = 0, .ofs_y = 0}, /* U+1EEC */
    {.bitmap_index = 13052, .adv_w = 142, .box_w = 10, .box_h = 12, .ofs_x = 0, .ofs_y = 0}, /* U+1EED */
    {.bitmap_index = 13112, .adv_w = 192, .box_w = 12, .box_h = 14, .ofs_x = 0, .ofs_y = 0}, /* U+1EEE */
    {.bitmap_index = 13196, .adv_w = 142, .box_w = 10, .box_h = 11, .ofs_x = 0, .ofs_y = 0}, /* U+1EEF */
    {.bitmap_index = 13251, .adv_w = 192, .box_w = 12, .box_h = 14, .ofs_x = 0, .ofs_y = -3}, /* U+1EF0 */
    {.bitmap_index = 13335, .adv_w = 142, .box_w = 10, .box_h = 12, .ofs_x = 0, .ofs_y = -3}, /* U+1EF1 */
    {.bitmap_index = 13395, .adv_w = 137, .box_w = 10, .box_h = 14, .ofs_x = -1, .ofs_y = 0}, /* U+1EF2 */
    {.bitmap_index = 13465, .adv_w = 132, .box_w = 8, .box_h = 14, .ofs_x = 0, .ofs_y = -3}, /* U+1EF3 */
    {.bitmap_index = 13521, .adv_w = 137, .box_w = 10, .box_h = 13, .ofs_x = -1, .ofs_y = -3}, /* U+1EF4 */
    {.bitmap_index = 13586, .adv_w = 132, .box_w = 8, .box_h = 11, .ofs_x = 0, .ofs_y = -3}, /* U+1EF5 */
    {.bitmap_index = 13630, .adv_w = 137, .box_w = 10, .box_h = 15, .ofs_x = -1, .ofs_y = 0}, /* U+1EF6 */
    {.bitmap_index = 13705, .adv_w = 132, .box_w = 8, .box_h = 15, .ofs_x = 0, .ofs_y = -3}, /* U+1EF7 */
    {.bitmap_index = 13765, .adv_w = 137, .box_w = 10, .box_h = 14, .ofs_x = -1, .ofs_y = 0}, /* U+1EF8 */
    {.bitmap_index = 13835, .adv_w = 132, .box_w = 8, .box_h = 14, .ofs_x = 0, .ofs_y = -3}, /* U+1EF9 */
};

static const uint16_t unicode_list_0[] = {0x0, 0x1, 0xe, 0xf, 0x26, 0x27, 0x66, 0x67, 0x9e, 0x9f, 0xad, 0xae};

static const lv_font_fmt_txt_cmap_t cmaps[] = {
    {.range_start = 32, .range_length = 95, .glyph_id_start = 1, .unicode_list = NULL, .glyph_id_ofs_list = NULL, .list_length = 0, .type = LV_FONT_FMT_TXT_CMAP_FORMAT0_TINY},
    {.range_start = 192, .range_length = 64, .glyph_id_start = 96, .unicode_list = NULL, .glyph_id_ofs_list = NULL, .list_length = 0, .type = LV_FONT_FMT_TXT_CMAP_FORMAT0_TINY},
    {.range_start = 258, .range_length = 175, .glyph_id_start = 160, .unicode_list = unicode_list_0, .glyph_id_ofs_list = NULL, .list_length = 12, .type = LV_FONT_FMT_TXT_CMAP_SPARSE_TINY},
    {.range_start = 7840, .range_length = 90, .glyph_id_start = 172, .unicode_list = NULL, .glyph_id_ofs_list = NULL, .list_length = 0, .type = LV_FONT_FMT_TXT_CMAP_FORMAT0_TINY},
};

#if LVGL_VERSION_MAJOR == 8
static lv_font_fmt_txt_glyph_cache_t cache;
#endif

static const lv_font_fmt_txt_dsc_t font_dsc = {
    .glyph_bitmap = glyph_bitmap,
    .glyph_dsc = glyph_dsc,
    .cmaps = cmaps,
    .kern_dsc = NULL,
    .kern_scale = 0,
    .cmap_num = 4,
    .bpp = 4,
    .kern_classes = 0,
    .bitmap_format = 0,
#if LVGL_VERSION_MAJOR == 8
    .cache = &cache
#endif
};

const lv_font_t vn_font_14 = {
    .get_glyph_dsc = lv_font_get_glyph_dsc_fmt_txt,
    .get_glyph_bitmap = lv_font_get_bitmap_fmt_txt,
    .line_height = 17,
    .base_line = 4,
    .subpx = LV_FONT_SUBPX_NONE,
    .underline_position = -2,
    .underline_thickness = 1,
    .dsc = &font_dsc
};

#endif /*#if VN_FONT_14*/
